collected_at,source,region,childRealTimeBed,childTotalBed,emogCode,emogDesc,emogDstr,emogGrdc2,emogLoca,generalRealTimeBed,generalTotalBed,id,isoRealTimeBed,isoTotalBed,regionCode,updateDate,wholeRealTimeBed,wholeTotalBed
2026-07-28 00:35:59,mediboard,서울특별시,0,0,A1100011,가톨릭대학교여의도성모병원,1120,C,11,15,15,58636225,5,5,11,2026-07-28T00:35:10.005129,20,20
2026-07-28 00:35:59,mediboard,서울특별시,2,8,A1121013,가톨릭대학교은평성모병원,1122,C,11,11,24,58636444,3,4,11,2026-07-28T00:35:10.005129,16,36
2026-07-28 00:35:59,mediboard,서울특별시,3,3,A1100043,강동경희대학교병원,1102,A,11,0,15,58636118,4,5,11,2026-07-28T00:35:10.005129,7,23
2026-07-28 00:35:59,mediboard,서울특별시,2,2,A1100006,강북삼성병원,1123,C,11,1,15,58636438,2,3,11,2026-07-28T00:35:10.005129,5,20
2026-07-28 00:35:59,mediboard,서울특별시,4,4,A1100002,건국대학교병원,1106,C,11,14,20,58636338,3,3,11,2026-07-28T00:35:10.005129,21,27
2026-07-28 00:35:59,mediboard,서울특별시,0,0,A1100039,경찰병원,1118,D,11,3,3,58636343,2,2,11,2026-07-28T00:35:10.005129,5,5
2026-07-28 00:35:59,mediboard,서울특별시,2,3,A1100001,경희대학교병원,1111,C,11,11,15,58636280,3,5,11,2026-07-28T00:35:10.005129,16,23
2026-07-28 00:35:59,mediboard,서울특별시,1,3,A1100014,고려대학교의과대학부속구로병원,1107,A,11,-2,29,58636226,4,5,11,2026-07-28T00:35:10.005129,3,37
2026-07-28 00:35:59,mediboard,서울특별시,0,0,A1100026,구로성심병원,1107,D,11,7,9,58636441,1,1,11,2026-07-28T00:35:10.005129,8,10
2026-07-28 00:35:59,mediboard,서울특별시,3,3,A1100052,국립중앙의료원,1124,C,11,13,17,58636389,10,10,11,2026-07-28T00:35:10.005129,26,30
2026-07-28 00:35:59,mediboard,서울특별시,0,0,A1122033,기쁨병원,1115,D,11,4,4,58636073,1,1,11,2026-07-28T00:35:10.005129,5,5
2026-07-28 00:35:59,mediboard,서울특별시,0,0,A1100048,노원을지대학교병원,1109,C,11,13,17,58636071,5,5,11,2026-07-28T00:35:10.005129,18,22
2026-07-28 00:35:59,mediboard,서울특별시,0,0,A1100044,녹색병원,1125,D,11,5,5,58636388,5,5,11,2026-07-28T00:35:10.005129,10,10
2026-07-28 00:35:59,mediboard,서울특별시,0,0,A1100037,대림성모병원,1120,D,11,8,8,58636229,1,2,11,2026-07-28T00:35:10.005129,9,10
2026-07-28 00:35:59,mediboard,서울특별시,0,0,A1100024,명지성모병원,1120,D,11,7,8,58636069,1,2,11,2026-07-28T00:35:10.005129,8,10
2026-07-28 00:35:59,mediboard,서울특별시,0,0,A1100036,부민병원,1104,D,11,8,10,58636442,1,1,11,2026-07-28T00:35:10.005129,9,11
2026-07-28 00:35:59,mediboard,서울특별시,1,4,A1100010,삼성서울병원,1101,C,11,-20,52,58636339,3,4,11,2026-07-28T00:35:10.005129,-16,60
2026-07-28 00:35:59,mediboard,서울특별시,0,0,A1100021,삼육서울병원,1111,C,11,11,13,58636340,7,7,11,2026-07-28T00:35:10.005129,18,20
2026-07-28 00:35:59,mediboard,서울특별시,6,12,A1100017,서울대학교병원,1123,A,11,-2,24,58636068,7,8,11,2026-07-28T00:35:10.005129,9,42
2026-07-28 00:35:59,mediboard,서울특별시,0,0,A1100050,서울성심병원,1111,D,11,17,17,58636344,3,3,11,2026-07-28T00:35:10.005129,20,20
2026-07-28 00:35:59,mediboard,서울특별시,0,0,A1100029,서울적십자병원,1123,D,11,10,10,58636172,1,1,11,2026-07-28T00:35:10.005129,11,11
2026-07-28 00:35:59,mediboard,서울특별시,0,0,A1100022,서울특별시동부병원,1111,D,11,7,8,58636115,2,2,11,2026-07-28T00:35:10.005129,9,10
2026-07-28 00:35:59,mediboard,서울특별시,2,3,A1100040,서울특별시보라매병원,1112,C,11,18,31,58636173,3,3,11,2026-07-28T00:35:10.005129,23,37
2026-07-28 00:35:59,mediboard,서울특별시,0,0,A1100223,서울특별시서남병원,1119,D,11,13,17,58636119,2,3,11,2026-07-28T00:35:10.005129,15,20
2026-07-28 00:35:59,mediboard,서울특별시,3,3,A1100035,서울특별시서울의료원,1125,A,11,9,19,58636342,4,5,11,2026-07-28T00:35:10.005129,16,27
2026-07-28 00:35:59,mediboard,서울특별시,0,0,A1100028,성심의료재단강동성심병원,1102,C,11,6,15,58636341,6,9,11,2026-07-28T00:35:10.005129,12,24
2026-07-28 00:35:59,mediboard,서울특별시,0,0,A1100054,성애의료재단성애병원,1120,C,11,11,15,58636390,5,11,11,2026-07-28T00:35:10.005129,16,26
2026-07-28 00:35:59,mediboard,서울특별시,0,0,A1100032,세란병원,1123,D,11,10,10,58636228,1,1,11,2026-07-28T00:35:10.005129,11,11
2026-07-28 00:35:59,mediboard,서울특별시,4,4,A1100004,순천향대학교부속서울병원,1121,C,11,9,20,58636224,3,3,11,2026-07-28T00:35:10.005129,16,27
2026-07-28 00:35:59,mediboard,서울특별시,0,0,A1100045,씨엠병원,1120,D,11,9,9,58636284,1,1,11,2026-07-28T00:35:10.005129,10,10
2026-07-28 00:35:59,mediboard,서울특별시,2,2,A1100015,연세대학교의과대학강남세브란스병원,1101,C,11,-1,21,58636440,3,3,11,2026-07-28T00:35:10.005129,4,26
2026-07-28 00:35:59,mediboard,서울특별시,7,10,A1100007,연세대학교의과대학세브란스병원,1114,C,11,4,39,58636385,6,6,11,2026-07-28T00:35:10.005129,15,53
2026-07-28 00:35:59,mediboard,서울특별시,0,0,A1100025,의료법인동신의료재단동신병원,1114,D,11,3,9,58636387,1,1,11,2026-07-28T00:35:10.005129,4,10
2026-07-28 00:35:59,mediboard,서울특별시,0,0,A1100041,의료법인서울효천의료재단에이치플러스양지병원,1105,C,11,17,18,58636117,3,3,11,2026-07-28T00:35:10.005129,20,21
2026-07-28 00:35:59,mediboard,서울특별시,0,0,A1100023,의료법인청구성심병원,1122,D,11,6,10,58636116,1,1,11,2026-07-28T00:35:10.005129,7,11
2026-07-28 00:35:59,mediboard,서울특별시,0,0,A1100075,의료법인풍산의료재단동부제일병원,1125,D,11,6,7,58636072,1,1,11,2026-07-28T00:35:10.005129,7,8
2026-07-28 00:35:59,mediboard,서울특별시,2,2,A1100020,의료법인한전의료재단한일병원,1110,C,11,19,21,58636283,3,4,11,2026-07-28T00:35:10.005129,24,27
2026-07-28 00:35:59,mediboard,서울특별시,8,8,A1100005,이화여자대학교의과대학부속목동병원,1119,A,11,11,19,58636384,6,6,11,2026-07-28T00:35:10.005129,25,33
2026-07-28 00:35:59,mediboard,서울특별시,4,9,A1120796,이화여자대학교의과대학부속서울병원,1104,C,11,-2,14,58636345,6,8,11,2026-07-28T00:35:10.005129,8,31
2026-07-28 00:35:59,mediboard,서울특별시,0,0,A1100016,인제대학교상계백병원,1109,C,11,8,16,58636386,7,7,11,2026-07-28T00:35:10.005129,15,23
2026-07-28 00:35:59,mediboard,서울특별시,8,14,A1100009,재단법인아산사회복지재단서울아산병원,1118,C,11,-3,36,58636282,8,26,11,2026-07-28T00:35:10.005129,11,73
2026-07-28 00:35:59,mediboard,서울특별시,2,4,A1100003,중앙대학교병원,1112,C,11,4,18,58636223,0,0,11,2026-07-28T00:35:10.005129,6,22
2026-07-28 00:35:59,mediboard,서울특별시,6,9,A1100012,학교법인가톨릭학원가톨릭대학교서울성모병원,1115,C,11,-14,28,58636171,6,8,11,2026-07-28T00:35:10.005129,-4,43
2026-07-28 00:35:59,mediboard,서울특별시,4,4,A1100008,학교법인고려중앙학원고려대학교의과대학부속병원(안암병원),1117,A,11,11,30,58636281,6,9,11,2026-07-28T00:35:10.005129,21,43
2026-07-28 00:35:59,mediboard,서울특별시,0,0,A1100053,한국보훈복지의료공단중앙보훈병원,1102,C,11,19,22,58636230,3,3,11,2026-07-28T00:35:10.005129,22,25
2026-07-28 00:35:59,mediboard,서울특별시,0,0,A1100027,한국원자력의학원원자력병원,1109,D,11,7,9,58636070,2,3,11,2026-07-28T00:35:10.005129,9,12
2026-07-28 00:35:59,mediboard,서울특별시,2,3,A1100055,한림대학교강남성심병원,1120,C,11,11,20,58636286,5,5,11,2026-07-28T00:35:10.005129,18,28
2026-07-28 00:35:59,mediboard,서울특별시,2,3,A1100013,한양대학교병원,1116,A,11,14,20,58636439,6,12,11,2026-07-28T00:35:10.005129,22,35
2026-07-28 00:35:59,mediboard,서울특별시,0,0,A1100051,혜민병원,1106,D,11,9,9,58636285,1,1,11,2026-07-28T00:35:10.005129,10,10
2026-07-28 00:35:59,mediboard,서울특별시,0,0,A1100019,홍익병원,1119,D,11,7,9,58636227,1,1,11,2026-07-28T00:35:10.005129,8,10
2026-07-28 00:35:59,mediboard,서울특별시,0,0,A1100049,희명병원,1108,D,11,10,10,58636443,1,1,11,2026-07-28T00:35:10.005129,11,11
2026-07-28 00:35:59,mediboard,부산광역시,0,0,A1200028,(의)서일의료재단기장병원,1203,D,12,7,9,58636347,1,1,12,2026-07-28T00:35:10.005129,8,10
2026-07-28 00:35:59,mediboard,부산광역시,0,0,A1200004,고신대학교복음병원,1211,C,12,9,25,58636120,4,5,12,2026-07-28T00:35:10.005129,13,30
2026-07-28 00:35:59,mediboard,부산광역시,0,0,A1200045,구포성심병원,1208,D,12,7,9,58636178,1,1,12,2026-07-28T00:35:10.005129,8,10
2026-07-28 00:35:59,mediboard,부산광역시,3,3,A1200018,대동병원,1206,C,12,11,15,58636233,3,3,12,2026-07-28T00:35:10.005129,17,21
2026-07-28 00:35:59,mediboard,부산광역시,0,0,A1200015,동남권원자력의학원원자력병원,1203,D,12,9,9,58636290,1,1,12,2026-07-28T00:35:10.005129,10,10
2026-07-28 00:35:59,mediboard,부산광역시,0,0,A1200011,동래봉생병원,1206,D,12,6,8,58636393,2,2,12,2026-07-28T00:35:10.005129,8,10
2026-07-28 00:35:59,mediboard,부산광역시,3,3,A1200003,동아대학교병원,1211,A,12,21,26,58636445,8,8,12,2026-07-28T00:35:10.005129,32,37
2026-07-28 00:35:59,mediboard,부산광역시,0,0,A1200024,부산광역시의료원,1213,D,12,17,18,58636395,2,8,12,2026-07-28T00:35:10.005129,19,26
2026-07-28 00:35:59,mediboard,부산광역시,3,3,A1200002,부산대학교병원,1211,C,12,16,19,58636074,2,3,12,2026-07-28T00:35:10.005129,21,25
2026-07-28 00:35:59,mediboard,부산광역시,4,4,A1200013,부산성모병원(재단법인 천주교부산교구유지재단),1204,D,12,5,10,58636289,5,5,12,2026-07-28T00:35:10.005129,14,19
2026-07-28 00:35:59,mediboard,부산광역시,0,0,A1200007,비에이치에스한서병원,1212,C,12,13,17,58636288,3,3,12,2026-07-28T00:35:10.005129,16,20
2026-07-28 00:35:59,mediboard,부산광역시,0,0,A1200021,삼육부산병원,1211,D,12,4,9,58636176,0,1,12,2026-07-28T00:35:10.005129,4,10
2026-07-28 00:35:59,mediboard,부산광역시,0,0,A1200014,영도병원,1214,D,12,6,7,58636175,2,2,12,2026-07-28T00:35:10.005129,8,9
2026-07-28 00:35:59,mediboard,부산광역시,0,0,A1200009,의료법인 광혜의료재단 광혜병원,1206,D,12,4,9,58636392,3,3,12,2026-07-28T00:35:10.005129,7,12
2026-07-28 00:35:59,mediboard,부산광역시,0,0,A1200098,의료법인 센텀의료재단 센텀종합병원,1212,D,12,8,9,58636291,1,1,12,2026-07-28T00:35:10.005129,9,10
2026-07-28 00:35:59,mediboard,부산광역시,0,0,A1200020,의료법인 온그룹의료재단 온병원,1207,C,12,20,20,58636075,3,3,12,2026-07-28T00:35:10.005129,23,23
2026-07-28 00:35:59,mediboard,부산광역시,0,0,A1200008,의료법인 은성의료재단 좋은강안병원,1212,D,12,11,18,58636231,3,3,12,2026-07-28T00:35:10.005129,14,21
2026-07-28 00:35:59,mediboard,부산광역시,1,1,A1200005,의료법인 은성의료재단 좋은삼선병원,1209,C,12,7,13,58636174,5,6,12,2026-07-28T00:35:10.005129,13,20
2026-07-28 00:35:59,mediboard,부산광역시,0,0,A1200006,의료법인 인당의료재단 부민병원,1208,D,12,8,10,58636391,2,2,12,2026-07-28T00:35:10.005129,10,12
2026-07-28 00:35:59,mediboard,부산광역시,0,0,A1205143,의료법인 인당의료재단 해운대부민병원,1216,D,12,6,9,58636348,1,1,12,2026-07-28T00:35:10.005129,7,10
2026-07-28 00:35:59,mediboard,부산광역시,0,0,A1200012,의료법인 행도의료재단 해동병원,1214,D,12,5,6,58636121,1,1,12,2026-07-28T00:35:10.005129,6,7
2026-07-28 00:35:59,mediboard,부산광역시,0,0,A1200017,의료법인정화의료재단 봉생기념병원,1205,D,12,7,9,58636232,2,2,12,2026-07-28T00:35:10.005129,9,11
2026-07-28 00:35:59,mediboard,부산광역시,0,3,A1200022,인제대학교 해운대백병원,1216,A,12,20,29,58636346,4,5,12,2026-07-28T00:35:10.005129,24,37
2026-07-28 00:35:59,mediboard,부산광역시,0,0,A1200001,인제대학교부산백병원,1207,C,12,10,18,58636287,3,3,12,2026-07-28T00:35:10.005129,13,21
2026-07-28 00:35:59,mediboard,부산광역시,0,0,A1200023,재단법인천주교부산교구유지재단 메리놀병원,1215,D,12,9,9,58636177,0,1,12,2026-07-28T00:35:10.005129,9,10
2026-07-28 00:35:59,mediboard,부산광역시,2,2,A1200026,좋은문화병원,1205,D,12,5,7,58636077,3,3,12,2026-07-28T00:35:10.005129,10,12
2026-07-28 00:35:59,mediboard,부산광역시,0,0,A1200025,학교법인 춘해병원,1207,D,12,9,9,58636076,1,1,12,2026-07-28T00:35:10.005129,10,10
2026-07-28 00:35:59,mediboard,부산광역시,0,0,A1200019,학교법인)동의병원,1207,D,12,13,14,58636122,1,1,12,2026-07-28T00:35:10.005129,14,15
2026-07-28 00:35:59,mediboard,부산광역시,0,0,A1200016,한국보훈복지의료공단 부산보훈병원,1209,D,12,11,11,58636394,2,2,12,2026-07-28T00:35:10.005129,13,13
2026-07-28 00:35:59,mediboard,인천광역시,0,0,A1300081,(재)미리내천주성삼성직수도회천주성삼병원,1307,D,13,8,9,58636293,1,2,13,2026-07-28T00:35:10.005129,9,11
2026-07-28 00:35:59,mediboard,인천광역시,0,0,A1300018,강남종합병원,1304,D,13,12,15,58636400,1,1,13,2026-07-28T00:35:10.005129,13,16
2026-07-28 00:35:59,mediboard,인천광역시,2,4,A1300002,경북대학교병원,1308,A,13,15,27,58636396,5,5,13,2026-07-28T00:35:10.005129,22,36
2026-07-28 00:35:59,mediboard,인천광역시,0,0,A1303386,계명대학교대구동산병원,1308,D,13,8,12,58636124,2,2,13,2026-07-28T00:35:10.005129,10,14
2026-07-28 00:35:59,mediboard,인천광역시,0,0,A1300003,계명대학교동산병원,1302,C,13,6,20,58636078,2,5,13,2026-07-28T00:35:10.005129,8,25
2026-07-28 00:35:59,mediboard,인천광역시,0,0,A1300008,곽병원,1308,D,13,6,10,58636399,2,2,13,2026-07-28T00:35:10.005129,8,12
2026-07-28 00:35:59,mediboard,인천광역시,0,0,A1300038,나사렛종합병원,1302,D,13,8,9,58636446,2,10,13,2026-07-28T00:35:10.005129,10,19
2026-07-28 00:35:59,mediboard,인천광역시,0,0,A1300004,대구가톨릭대학교병원,1301,C,13,9,24,58636180,4,4,13,2026-07-28T00:35:10.005129,13,28
2026-07-28 00:35:59,mediboard,인천광역시,0,0,A1300005,대구가톨릭대학교칠곡가톨릭병원,1305,D,13,6,9,58636397,1,1,13,2026-07-28T00:35:10.005129,7,10
2026-07-28 00:35:59,mediboard,인천광역시,0,0,A1300076,대구굿모닝병원,1306,D,13,15,17,58636401,2,2,13,2026-07-28T00:35:10.005129,17,19
2026-07-28 00:35:59,mediboard,인천광역시,0,0,A1300007,대구의료원,1306,D,13,17,18,58636398,2,2,13,2026-07-28T00:35:10.005129,19,20
2026-07-28 00:35:59,mediboard,인천광역시,5,5,A1300009,대구파티마병원,1304,C,13,3,25,58636181,6,7,13,2026-07-28T00:35:10.005129,14,37
2026-07-28 00:35:59,mediboard,인천광역시,0,0,A1300110,더블유병원,1302,D,13,8,10,58636234,1,1,13,2026-07-28T00:35:10.005129,9,11
2026-07-28 00:35:59,mediboard,인천광역시,0,0,A1300034,드림종합병원,1301,D,13,3,8,58636292,2,2,13,2026-07-28T00:35:10.005129,5,10
2026-07-28 00:35:59,mediboard,인천광역시,0,0,A1300045,삼일병원,1302,D,13,11,14,58636183,1,1,13,2026-07-28T00:35:10.005129,12,15
2026-07-28 00:35:59,mediboard,인천광역시,3,3,A1300001,영남대학교병원,1301,A,13,16,28,58636179,5,5,13,2026-07-28T00:35:10.005129,24,36
2026-07-28 00:35:59,mediboard,인천광역시,0,0,A1300006,의료법인구의료재단구병원,1302,D,13,6,10,58636123,1,1,13,2026-07-28T00:35:10.005129,7,11
2026-07-28 00:35:59,mediboard,인천광역시,3,9,A1300010,칠곡경북대학교병원,1305,C,13,12,23,58636349,6,6,13,2026-07-28T00:35:10.005129,19,36
2026-07-28 00:35:59,mediboard,인천광역시,0,0,A1300011,한국보훈복지의료공단대구보훈병원,1302,D,13,12,12,58636182,2,2,13,2026-07-28T00:35:10.005129,14,14
2026-07-28 00:35:59,mediboard,대구광역시,0,0,A1400008,(의)성세의료재단 뉴성민병원,1407,D,14,9,9,58636126,1,1,14,2026-07-28T00:35:10.005129,10,10
2026-07-28 00:35:59,mediboard,대구광역시,1,3,A1400015,가톨릭관동대학교국제성모병원,1407,C,14,11,23,58636237,4,5,14,2026-07-28T00:35:10.005129,16,31
2026-07-28 00:35:59,mediboard,대구광역시,2,4,A1400012,가톨릭대학교 인천성모병원,1406,C,14,3,19,58636351,5,8,14,2026-07-28T00:35:10.005129,10,31
2026-07-28 00:35:59,mediboard,대구광역시,0,0,A1400010,검단탑병원,1407,C,14,12,18,58636079,3,3,14,2026-07-28T00:35:10.005129,15,21
2026-07-28 00:35:59,mediboard,대구광역시,0,0,A1403617,비에스종합병원,1401,D,14,9,10,58636296,1,1,14,2026-07-28T00:35:10.005129,10,11
2026-07-28 00:35:59,mediboard,대구광역시,0,0,A1400013,안은의료재단 부평세림병원,1406,C,14,12,16,58636236,4,4,14,2026-07-28T00:35:10.005129,16,20
2026-07-28 00:35:59,mediboard,대구광역시,0,0,A1400005,온누리병원,1407,D,14,9,9,58636350,2,2,14,2026-07-28T00:35:10.005129,11,11
2026-07-28 00:35:59,mediboard,대구광역시,9,11,A1400001,의료법인 길의료재단 길병원,1404,A,14,2,25,58636402,6,7,14,2026-07-28T00:35:10.005129,15,41
2026-07-28 00:35:59,mediboard,대구광역시,0,0,A1400011,의료법인 나사렛의료재단 나사렛국제병원,1408,C,14,17,17,58636080,3,5,14,2026-07-28T00:35:10.005129,20,22
2026-07-28 00:35:59,mediboard,대구광역시,0,0,A1400003,의료법인 루가의료재단 나은병원,1407,C,14,10,11,58636125,10,10,14,2026-07-28T00:35:10.005129,20,21
2026-07-28 00:35:59,mediboard,대구광역시,0,0,A1400007,의료법인 성수의료재단 인천백병원,1405,D,14,4,5,58636235,1,1,14,2026-07-28T00:35:10.005129,5,6
2026-07-28 00:35:59,mediboard,대구광역시,0,0,A1400014,의료법인인성의료재단한림병원,1402,C,14,15,17,58636352,3,4,14,2026-07-28T00:35:10.005129,18,21
2026-07-28 00:35:59,mediboard,대구광역시,0,0,A1400017,인천광역시의료원,1405,D,14,15,15,58636128,2,2,14,2026-07-28T00:35:10.005129,17,17
2026-07-28 00:35:59,mediboard,대구광역시,0,0,A1400037,인천광역시의료원백령병원,1409,D,14,4,5,58636239,1,1,14,2026-07-28T00:35:10.005129,5,6
2026-07-28 00:35:59,mediboard,대구광역시,0,0,A1400009,인천기독병원,1410,D,14,8,8,58636127,1,1,14,2026-07-28T00:35:10.005129,9,9
2026-07-28 00:35:59,mediboard,대구광역시,0,0,A1400016,인천사랑병원,1403,C,14,10,14,58636294,7,7,14,2026-07-28T00:35:10.005129,17,21
2026-07-28 00:35:59,mediboard,대구광역시,0,0,A1403372,인천세종병원,1402,C,14,16,18,58636295,3,3,14,2026-07-28T00:35:10.005129,19,21
2026-07-28 00:35:59,mediboard,대구광역시,0,0,A1400018,인천적십자병원,1408,D,14,8,8,58636238,2,2,14,2026-07-28T00:35:10.005129,10,10
2026-07-28 00:35:59,mediboard,대구광역시,0,0,A1403871,인천힘찬종합병원,1404,D,14,15,17,58636353,3,6,14,2026-07-28T00:35:10.005129,18,23
2026-07-28 00:35:59,mediboard,대구광역시,4,9,A1400002,인하대학교의과대학부속병원,1410,A,14,4,20,58636184,9,9,14,2026-07-28T00:35:10.005129,15,36
2026-07-28 00:35:59,mediboard,대구광역시,0,0,A1400004,현대유비스병원,1403,D,14,14,18,58636403,1,1,14,2026-07-28T00:35:10.005129,15,19
2026-07-28 00:35:59,mediboard,광주광역시,6,7,A1500019,KS병원,1501,C,15,9,15,58636354,3,3,15,2026-07-28T00:35:10.005129,18,25
2026-07-28 00:35:59,mediboard,광주광역시,0,0,A1500021,광주기독병원,1502,C,15,14,20,58636355,3,6,15,2026-07-28T00:35:10.005129,17,26
2026-07-28 00:35:59,mediboard,광주광역시,0,0,A1500015,광주병원,1504,D,15,4,10,58636083,1,1,15,2026-07-28T00:35:10.005129,5,11
2026-07-28 00:35:59,mediboard,광주광역시,0,0,A1500004,광주보훈병원,1501,D,15,11,14,58636185,2,2,15,2026-07-28T00:35:10.005129,13,16
2026-07-28 00:35:59,mediboard,광주광역시,0,0,A1502007,광주센트럴병원,1501,D,15,10,10,58636407,1,1,15,2026-07-28T00:35:10.005129,11,11
2026-07-28 00:35:59,mediboard,광주광역시,0,0,A1500018,광주수완병원,1501,D,15,8,9,58636084,0,1,15,2026-07-28T00:35:10.005129,8,10
2026-07-28 00:35:59,mediboard,광주광역시,0,0,A1500009,광주씨티병원,1502,D,15,10,10,58636081,1,1,15,2026-07-28T00:35:10.005129,11,11
2026-07-28 00:35:59,mediboard,광주광역시,0,0,A1500005,광주일곡병원,1504,D,15,9,9,58636447,1,1,15,2026-07-28T00:35:10.005129,10,10
2026-07-28 00:35:59,mediboard,광주광역시,0,0,A1500016,광주한국병원,1505,D,15,12,15,58636299,1,1,15,2026-07-28T00:35:10.005129,13,16
2026-07-28 00:35:59,mediboard,광주광역시,0,0,A1500003,광주현대병원,1504,D,15,6,9,58636297,2,2,15,2026-07-28T00:35:10.005129,8,11
2026-07-28 00:35:59,mediboard,광주광역시,0,0,A1500007,광주희망병원,1504,D,15,9,9,58636129,1,1,15,2026-07-28T00:35:10.005129,10,10
2026-07-28 00:35:59,mediboard,광주광역시,0,0,A1500013,동아병원,1502,D,15,6,9,58636082,1,1,15,2026-07-28T00:35:10.005129,7,10
2026-07-28 00:35:59,mediboard,광주광역시,0,0,A1500014,미래로21병원,1505,D,15,6,9,58636298,1,1,15,2026-07-28T00:35:10.005129,7,10
2026-07-28 00:35:59,mediboard,광주광역시,0,0,A1500022,상무병원,1505,D,15,7,9,58636406,1,1,15,2026-07-28T00:35:10.005129,8,10
2026-07-28 00:35:59,mediboard,광주광역시,2,2,A1500020,서광병원,1505,C,15,12,18,58636450,3,3,15,2026-07-28T00:35:10.005129,17,23
2026-07-28 00:35:59,mediboard,광주광역시,0,0,A1500006,신가병원,1501,D,15,7,9,58636448,2,2,15,2026-07-28T00:35:10.005129,9,11
2026-07-28 00:35:59,mediboard,광주광역시,0,0,A1500010,운암한국병원,1504,D,15,7,9,58636405,1,1,15,2026-07-28T00:35:10.005129,8,10
2026-07-28 00:35:59,mediboard,광주광역시,3,4,A1500002,전남대학교병원,1503,A,15,17,28,58636404,3,7,15,2026-07-28T00:35:10.005129,23,39
2026-07-28 00:35:59,mediboard,광주광역시,4,4,A1500001,조선대학교병원,1503,A,15,20,23,58636240,5,5,15,2026-07-28T00:35:10.005129,29,32
2026-07-28 00:35:59,mediboard,광주광역시,0,0,A1500011,첨단종합병원,1501,C,15,21,22,58636449,3,3,15,2026-07-28T00:35:10.005129,24,25
2026-07-28 00:35:59,mediboard,광주광역시,0,0,A1500017,하남성심병원,1501,D,15,18,19,58636241,1,2,15,2026-07-28T00:35:10.005129,19,21
2026-07-28 00:35:59,mediboard,대전광역시,0,0,A1600004,대전보훈병원,1601,D,16,7,7,58636085,2,2,16,2026-07-28T00:35:10.005129,9,9
2026-07-28 00:35:59,mediboard,대전광역시,0,0,A1600003,대전한국병원,1602,D,16,5,9,58636242,1,1,16,2026-07-28T00:35:10.005129,6,10
2026-07-28 00:35:59,mediboard,대전광역시,0,0,A1602246,대청병원,1603,D,16,9,9,58636356,1,1,16,2026-07-28T00:35:10.005129,10,10
2026-07-28 00:35:59,mediboard,대전광역시,0,0,A1600008,의료법인영훈의료재단대전선병원,1605,C,16,15,17,58636243,4,9,16,2026-07-28T00:35:10.005129,19,26
2026-07-28 00:35:59,mediboard,대전광역시,0,0,A1600007,의료법인영훈의료재단유성선병원,1604,C,16,9,17,58636131,3,7,16,2026-07-28T00:35:10.005129,12,24
2026-07-28 00:35:59,mediboard,대전광역시,5,6,A1600001,충남대학교병원,1605,A,16,10,28,58636186,5,5,16,2026-07-28T00:35:10.005129,20,39
2026-07-28 00:35:59,mediboard,대전광역시,0,0,A1600005,학교법인가톨릭학원가톨릭대학교대전성모병원,1605,C,16,17,19,58636451,2,3,16,2026-07-28T00:35:10.005129,19,22
2026-07-28 00:35:59,mediboard,대전광역시,5,5,A1600006,학교법인건양교육재단건양대학교병원,1603,A,16,14,24,58636130,5,5,16,2026-07-28T00:35:10.005129,24,34
2026-07-28 00:35:59,mediboard,대전광역시,0,0,A1600002,학교법인을지학원대전을지대학교병원,1603,C,16,22,23,58636408,6,6,16,2026-07-28T00:35:10.005129,28,29
2026-07-28 00:35:59,mediboard,울산광역시,0,0,A1700001,서울산보람병원,1704,D,17,8,10,58636132,1,1,17,2026-07-28T00:35:10.005129,9,11
2026-07-28 00:35:59,mediboard,울산광역시,0,0,A1700003,울산병원,1701,C,17,17,19,58636300,3,3,17,2026-07-28T00:35:10.005129,20,22
2026-07-28 00:35:59,mediboard,울산광역시,0,0,A1700002,의료법인동강의료재단동강병원,1705,C,17,19,24,58636357,3,3,17,2026-07-28T00:35:10.005129,22,27
2026-07-28 00:35:59,mediboard,울산광역시,0,0,A1700025,의료법인송은의료재단울산시티병원,1703,C,17,16,17,58636301,3,3,17,2026-07-28T00:35:10.005129,19,20
2026-07-28 00:35:59,mediboard,울산광역시,0,0,A1700011,의료법인은성의료재단좋은삼정병원,1701,D,17,7,9,58636358,1,1,17,2026-07-28T00:35:10.005129,8,10
2026-07-28 00:35:59,mediboard,울산광역시,0,0,A1700028,의료법인정안의료재단중앙병원,1701,C,17,10,17,58636187,3,3,17,2026-07-28T00:35:10.005129,13,20
2026-07-28 00:35:59,mediboard,울산광역시,8,8,A1700004,학교법인울산공업학원울산대학교병원,1702,A,17,7,23,58636244,6,6,17,2026-07-28T00:35:10.005129,21,37
2026-07-28 00:35:59,mediboard,경기도,0,0,A2100019,(의)영문의료재단다보스병원,2136,C,21,12,13,58636088,7,7,21,2026-07-28T00:35:10.005129,19,20
2026-07-28 00:35:59,mediboard,경기도,0,0,A2100122,(의)효심의료재단용인서울병원,2136,D,21,10,10,58636460,0,0,21,2026-07-28T00:35:10.005129,10,10
2026-07-28 00:35:59,mediboard,경기도,0,0,A2100052,가톨릭대학교부천성모병원,2113,C,21,11,31,58636093,6,6,21,2026-07-28T00:35:10.005129,17,37
2026-07-28 00:35:59,mediboard,경기도,8,8,A2100012,가톨릭대학교성빈센트병원,2122,C,21,12,28,58636245,6,6,21,2026-07-28T00:35:10.005129,24,40
2026-07-28 00:35:59,mediboard,경기도,11,11,A2100040,가톨릭대학교의정부성모병원,2138,A,21,20,44,58636140,6,6,21,2026-07-28T00:35:10.005129,37,61
2026-07-28 00:35:59,mediboard,경기도,0,0,A2100029,강남병원,2134,C,21,12,17,58636361,3,3,21,2026-07-28T00:35:10.005129,15,20
2026-07-28 00:35:59,mediboard,경기도,0,0,A2100032,경기도의료원수원병원,2121,D,21,7,8,58636303,5,5,21,2026-07-28T00:35:10.005129,12,13
2026-07-28 00:35:59,mediboard,경기도,0,0,A2100045,경기도의료원안성병원,2126,D,21,14,14,58636304,1,5,21,2026-07-28T00:35:10.005129,15,19
2026-07-28 00:35:59,mediboard,경기도,0,0,A2100043,경기도의료원의정부병원,2138,D,21,10,10,58636456,1,1,21,2026-07-28T00:35:10.005129,11,11
2026-07-28 00:35:59,mediboard,경기도,0,0,A2100193,경기도의료원이천병원,2139,C,21,13,17,58636142,3,3,21,2026-07-28T00:35:10.005129,16,20
2026-07-28 00:35:59,mediboard,경기도,0,0,A2100035,경기도의료원파주병원,2140,C,21,12,17,58636091,3,3,21,2026-07-28T00:35:10.005129,15,20
2026-07-28 00:35:59,mediboard,경기도,0,0,A2100031,경기도의료원포천병원,2142,C,21,16,17,58636248,3,3,21,2026-07-28T00:35:10.005129,19,20
2026-07-28 00:35:59,mediboard,경기도,4,4,A2100003,고려대학교의과대학부속안산병원,2124,A,21,17,22,58636135,6,8,21,2026-07-28T00:35:10.005129,27,34
2026-07-28 00:35:59,mediboard,경기도,4,4,A2100007,광명성애병원,2106,C,21,9,11,58636410,5,5,21,2026-07-28T00:35:10.005129,18,20
2026-07-28 00:35:59,mediboard,경기도,0,0,A2100258,국군수도병원,2116,D,21,16,16,58636363,0,2,21,2026-07-28T00:35:10.005129,16,18
2026-07-28 00:35:59,mediboard,경기도,0,0,A2100049,국립암센터,2103,D,21,14,24,58636250,1,1,21,2026-07-28T00:35:10.005129,15,25
2026-07-28 00:35:59,mediboard,경기도,0,5,A2100033,국민건강보험공단일산병원,2103,A,21,13,23,58636454,5,5,21,2026-07-28T00:35:10.005129,18,33
2026-07-28 00:35:59,mediboard,경기도,0,0,A2100014,근로복지공단안산병원,2125,D,21,7,7,58636189,1,1,21,2026-07-28T00:35:10.005129,8,8
2026-07-28 00:35:59,mediboard,경기도,0,0,A2100041,남양주한양병원,2111,C,21,16,17,58636455,3,3,21,2026-07-28T00:35:10.005129,19,20
2026-07-28 00:35:59,mediboard,경기도,0,0,A2100017,대아의료재단한도병원,2124,C,21,15,17,58636190,3,3,21,2026-07-28T00:35:10.005129,18,20
2026-07-28 00:35:59,mediboard,경기도,3,3,A2100025,대진의료재단분당제생병원,2116,C,21,17,24,58636412,3,3,21,2026-07-28T00:35:10.005129,23,30
2026-07-28 00:35:59,mediboard,경기도,3,3,A2100047,동국대학교일산불교병원,2103,C,21,16,19,58636249,7,7,21,2026-07-28T00:35:10.005129,26,29
2026-07-28 00:35:59,mediboard,경기도,0,0,A2100131,메디인병원,2140,D,21,12,12,58636414,2,2,21,2026-07-28T00:35:10.005129,14,14
2026-07-28 00:35:59,mediboard,경기도,0,0,A2121142,메디필드한강병원,2136,D,21,16,17,58636419,3,3,21,2026-07-28T00:35:10.005129,19,20
2026-07-28 00:35:59,mediboard,경기도,0,0,A2100055,부천세종병원,2113,C,21,14,17,58636195,3,3,21,2026-07-28T00:35:10.005129,17,20
2026-07-28 00:35:59,mediboard,경기도,4,5,A2100001,분당서울대학교병원,2116,A,21,-19,30,58636134,5,5,21,2026-07-28T00:35:10.005129,-10,40
2026-07-28 00:35:59,mediboard,경기도,6,6,A2116806,성남시의료원,2117,C,21,13,17,58636418,6,6,21,2026-07-28T00:35:10.005129,25,29
2026-07-28 00:35:59,mediboard,경기도,0,0,A2100194,세종여주병원,2131,D,21,1,6,58636094,9,10,21,2026-07-28T00:35:10.005129,10,16
2026-07-28 00:35:59,mediboard,경기도,0,0,A2100016,순천의료재단성남정병원,2117,D,21,8,9,58636138,2,2,21,2026-07-28T00:35:10.005129,10,11
2026-07-28 00:35:59,mediboard,경기도,3,5,A2100005,순천향대학교부속부천병원,2113,A,21,11,17,58636087,4,5,21,2026-07-28T00:35:10.005129,18,27
2026-07-28 00:35:59,mediboard,경기도,10,14,A2100002,아주대학교병원,2120,A,21,10,32,58636188,9,13,21,2026-07-28T00:35:10.005129,26,54
2026-07-28 00:35:59,mediboard,경기도,0,0,A2100305,안성성모병원,2126,D,21,8,9,58636417,1,1,21,2026-07-28T00:35:10.005129,9,10
2026-07-28 00:35:59,mediboard,경기도,0,0,A2100089,양평병원,2130,D,21,8,9,58636306,1,1,21,2026-07-28T00:35:10.005129,9,10
2026-07-28 00:35:59,mediboard,경기도,0,0,A2118188,엘병원,2111,D,21,7,8,58636308,1,2,21,2026-07-28T00:35:10.005129,8,10
2026-07-28 00:35:59,mediboard,경기도,6,6,A2100020,연세대학교의과대학용인세브란스병원,2134,C,21,6,16,58636452,3,4,21,2026-07-28T00:35:10.005129,15,26
2026-07-28 00:35:59,mediboard,경기도,0,0,E2100187,연천군보건의료원,2132,D,21,10,10,58636112,0,0,21,2026-07-28T00:35:10.005129,10,10
2026-07-28 00:35:59,mediboard,경기도,0,0,A2100024,오산한국병원,2133,C,21,13,17,58636453,3,3,21,2026-07-28T00:35:10.005129,16,20
2026-07-28 00:35:59,mediboard,경기도,0,0,A2100048,원광대학교산본병원,2109,C,21,13,17,58636194,3,3,21,2026-07-28T00:35:10.005129,16,20
2026-07-28 00:35:59,mediboard,경기도,0,0,A2100013,의료법인 록향의료재단 신천연합병원,2123,D,21,9,10,58636411,1,1,21,2026-07-28T00:35:10.005129,10,11
2026-07-28 00:35:59,mediboard,경기도,0,0,A2100036,의료법인 일심의료재단 포천우리병원,2142,D,21,18,18,58636193,4,4,21,2026-07-28T00:35:10.005129,22,22
2026-07-28 00:35:59,mediboard,경기도,0,0,A2100309,의료법인갈렌의료재단박병원,2141,D,21,10,10,58636252,1,1,21,2026-07-28T00:35:10.005129,11,11
2026-07-28 00:35:59,mediboard,경기도,5,5,A2100008,의료법인남촌의료재단시화병원,2123,C,21,13,16,58636136,5,6,21,2026-07-28T00:35:10.005129,23,27
2026-07-28 00:35:59,mediboard,경기도,0,0,A2100009,의료법인녹산의료재단동수원병원,2122,C,21,13,17,58636302,2,3,21,2026-07-28T00:35:10.005129,15,20
2026-07-28 00:35:59,mediboard,경기도,0,0,A2100050,의료법인대인의료재단다니엘종합병원,2113,D,21,6,6,58636458,4,4,21,2026-07-28T00:35:10.005129,10,10
2026-07-28 00:35:59,mediboard,경기도,3,3,A2121061,의료법인덕산의료재단수원덕산병원,2119,D,21,17,24,58636461,3,3,21,2026-07-28T00:35:10.005129,23,30
2026-07-28 00:35:59,mediboard,경기도,0,0,A2117135,의료법인명인의료재단화홍병원,2119,C,21,7,15,58636197,5,5,21,2026-07-28T00:35:10.005129,12,20
2026-07-28 00:35:59,mediboard,경기도,3,3,A2100042,의료법인명지의료재단명지병원,2102,A,21,11,15,58636413,9,11,21,2026-07-28T00:35:10.005129,20,26
2026-07-28 00:35:59,mediboard,경기도,0,0,A2100022,의료법인박애의료재단박애병원,2141,D,21,10,10,58636191,1,1,21,2026-07-28T00:35:10.005129,11,11
2026-07-28 00:35:59,mediboard,경기도,0,0,A2100028,의료법인백송의료재단굿모닝병원,2141,C,21,10,19,58636192,9,9,21,2026-07-28T00:35:10.005129,19,28
2026-07-28 00:35:59,mediboard,경기도,0,0,A2100027,의료법인석경의료재단센트럴병원,2123,D,21,16,18,58636247,3,3,21,2026-07-28T00:35:10.005129,19,21
2026-07-28 00:35:59,mediboard,경기도,0,0,A2116972,의료법인성광의료재단일산차병원,2103,D,21,6,6,58636196,2,4,21,2026-07-28T00:35:10.005129,8,10
2026-07-28 00:35:59,mediboard,경기도,0,0,A2113246,의료법인양진의료재단평택성모병원,2141,C,21,11,17,58636253,3,3,21,2026-07-28T00:35:10.005129,14,20
2026-07-28 00:35:59,mediboard,경기도,0,0,A2100034,의료법인영동의료재단의정부백병원,2138,D,21,9,10,58636090,2,2,21,2026-07-28T00:35:10.005129,11,12
2026-07-28 00:35:59,mediboard,경기도,0,0,A2100053,의료법인우리의료재단김포우리병원,2110,C,21,14,22,58636305,7,7,21,2026-07-28T00:35:10.005129,21,29
2026-07-28 00:35:59,mediboard,경기도,0,0,A2115699,의료법인원광의료재단원광종합병원,2146,D,21,8,9,58636143,1,1,21,2026-07-28T00:35:10.005129,9,10
2026-07-28 00:35:59,mediboard,경기도,0,0,A2100018,의료법인은혜와감사의료재단화성중앙종합병원,2144,D,21,9,9,58636360,1,1,21,2026-07-28T00:35:10.005129,10,10
2026-07-28 00:35:59,mediboard,경기도,0,0,A2100006,의료법인인봉의료재단뉴고려병원,2110,C,21,13,14,58636409,6,6,21,2026-07-28T00:35:10.005129,19,20
2026-07-28 00:35:59,mediboard,경기도,0,0,A2100290,의료법인자인의료재단(더자인병원),2102,D,21,15,16,58636251,4,4,21,2026-07-28T00:35:10.005129,19,20
2026-07-28 00:35:59,mediboard,경기도,0,0,A2100124,의료법인칠석의료재단사랑의병원,2125,D,21,8,13,58636141,1,1,21,2026-07-28T00:35:10.005129,9,14
2026-07-28 00:35:59,mediboard,경기도,0,0,A2100175,의료법인토마스의료재단윌스기념병원,2122,D,21,11,18,58636416,3,3,21,2026-07-28T00:35:10.005129,14,21
2026-07-28 00:35:59,mediboard,경기도,0,0,A2100021,의료법인플러스의료재단단원병원,2124,D,21,17,17,58636246,3,3,21,2026-07-28T00:35:10.005129,20,20
2026-07-28 00:35:59,mediboard,경기도,0,4,A2100038,인제대학교일산백병원,2104,C,21,20,34,58636362,3,6,21,2026-07-28T00:35:10.005129,23,44
2026-07-28 00:35:59,mediboard,경기도,0,0,A2118788,중앙대학교광명병원,2106,C,21,13,21,58636095,3,3,21,2026-07-28T00:35:10.005129,16,24
2026-07-28 00:35:59,mediboard,경기도,2,13,A2100030,차의과학대학교분당차병원,2116,A,21,2,22,58636089,6,7,21,2026-07-28T00:35:10.005129,8,40
2026-07-28 00:35:59,mediboard,경기도,1,1,A2100155,참조은병원,2107,C,21,4,9,58636415,10,10,21,2026-07-28T00:35:10.005129,15,20
2026-07-28 00:35:59,mediboard,경기도,0,0,A2100150,추병원,2138,D,21,10,12,58636307,2,2,21,2026-07-28T00:35:10.005129,12,14
2026-07-28 00:35:59,mediboard,경기도,6,6,A2117994,학교법인을지학원의정부을지대학교병원,2138,C,21,27,30,58636198,11,11,21,2026-07-28T00:35:10.005129,44,47
2026-07-28 00:35:59,mediboard,경기도,7,9,A2100046,한림대학교동탄성심병원,2147,C,21,18,32,58636457,3,3,21,2026-07-28T00:35:10.005129,28,44
2026-07-28 00:35:59,mediboard,경기도,2,3,A2100004,한림대학교성심병원,2127,A,21,16,25,58636086,9,11,21,2026-07-28T00:35:10.005129,27,39
2026-07-28 00:35:59,mediboard,경기도,0,0,A2100039,한양대학교구리병원,2108,C,21,7,18,58636139,4,5,21,2026-07-28T00:35:10.005129,11,23
2026-07-28 00:35:59,mediboard,경기도,0,0,A2100037,현대병원,2111,C,21,14,17,58636092,3,3,21,2026-07-28T00:35:10.005129,17,20
2026-07-28 00:35:59,mediboard,경기도,0,0,A2100015,효산의료재단안양샘병원,2128,C,21,13,17,58636137,3,3,21,2026-07-28T00:35:10.005129,16,20
2026-07-28 00:35:59,mediboard,경기도,0,0,A2100054,효산의료재단지샘병원,2109,C,21,10,18,58636459,4,4,21,2026-07-28T00:35:10.005129,14,22
2026-07-28 00:35:59,mediboard,강원특별자치도,3,3,A2200008,강릉아산병원,2201,A,22,13,23,58636309,5,5,22,2026-07-28T00:35:10.005129,21,31
2026-07-28 00:35:59,mediboard,강원특별자치도,3,3,A2200009,강원대학교병원,2213,C,22,0,21,58636462,5,5,22,2026-07-28T00:35:10.005129,8,29
2026-07-28 00:35:59,mediboard,강원특별자치도,0,0,A2200011,강원특별자치도강릉의료원,2201,D,22,2,5,58636255,1,1,22,2026-07-28T00:35:10.005129,3,6
2026-07-28 00:35:59,mediboard,강원특별자치도,1,1,A2200007,강원특별자치도삼척의료원,2204,C,22,15,16,58636096,3,5,22,2026-07-28T00:35:10.005129,19,22
2026-07-28 00:35:59,mediboard,강원특별자치도,0,0,A2200012,강원특별자치도속초의료원,2205,C,22,17,17,58636463,3,3,22,2026-07-28T00:35:10.005129,20,20
2026-07-28 00:35:59,mediboard,강원특별자치도,0,0,A2200002,강원특별자치도영월의료원,2208,D,22,9,9,58636144,1,1,22,2026-07-28T00:35:10.005129,10,10
2026-07-28 00:35:59,mediboard,강원특별자치도,0,0,A2200015,강원특별자치도원주의료원,2209,D,22,9,17,58636257,3,3,22,2026-07-28T00:35:10.005129,12,20
2026-07-28 00:35:59,mediboard,강원특별자치도,0,0,A2200048,근로복지공단정선병원,2211,D,22,5,5,58636200,1,1,22,2026-07-28T00:35:10.005129,6,6
2026-07-28 00:35:59,mediboard,강원특별자치도,0,0,A2200004,근로복지공단태백병원,2214,D,22,8,9,58636199,1,1,22,2026-07-28T00:35:10.005129,9,10
2026-07-28 00:35:59,mediboard,강원특별자치도,3,3,A2200001,연세대학교원주세브란스기독병원,2209,A,22,18,31,58636254,30,45,22,2026-07-28T00:35:10.005129,51,79
2026-07-28 00:35:59,mediboard,강원특별자치도,0,0,A2200005,의료법인강릉동인병원,2201,C,22,13,17,58636365,3,3,22,2026-07-28T00:35:10.005129,16,20
2026-07-28 00:35:59,mediboard,강원특별자치도,0,0,A2200003,의료법인동해동인병원,2203,D,22,8,10,58636364,1,1,22,2026-07-28T00:35:10.005129,9,11
2026-07-28 00:35:59,mediboard,강원특별자치도,0,0,A2200037,의료법인성심의료재단양구성심병원,2206,D,22,5,5,58636464,1,1,22,2026-07-28T00:35:10.005129,6,6
2026-07-28 00:35:59,mediboard,강원특별자치도,0,0,A2200024,의료법인성지의료재단성지병원,2209,D,22,3,7,58636311,1,1,22,2026-07-28T00:35:10.005129,4,8
2026-07-28 00:35:59,mediboard,강원특별자치도,0,0,A2200046,의료법인온세움의료재단온재병원,2205,D,22,6,9,58636465,1,1,22,2026-07-28T00:35:10.005129,7,10
2026-07-28 00:35:59,mediboard,강원특별자치도,0,0,A2201730,철원병원,2212,D,22,5,5,58636145,1,1,22,2026-07-28T00:35:10.005129,6,6
2026-07-28 00:35:59,mediboard,강원특별자치도,0,0,E2200026,평창군보건의료원,2215,D,22,6,6,58636221,1,1,22,2026-07-28T00:35:10.005129,7,7
2026-07-28 00:35:59,mediboard,강원특별자치도,3,3,A2200013,한림대학교춘천성심병원,2213,A,22,13,22,58636097,5,5,22,2026-07-28T00:35:10.005129,21,30
2026-07-28 00:35:59,mediboard,강원특별자치도,0,0,A2200014,홍천아산병원,2216,D,22,9,10,58636256,0,0,22,2026-07-28T00:35:10.005129,9,10
2026-07-28 00:35:59,mediboard,강원특별자치도,0,0,E2200025,화천군보건의료원,2217,D,22,7,7,58636336,1,1,22,2026-07-28T00:35:10.005129,8,8
2026-07-28 00:35:59,mediboard,강원특별자치도,0,0,A2200016,횡성대성병원,2218,D,22,8,9,58636310,1,1,22,2026-07-28T00:35:10.005129,9,10
2026-07-28 00:35:59,mediboard,충청북도,0,0,A2300010,건국대학교충주병원,2314,C,23,18,20,58636466,3,3,23,2026-07-28T00:35:10.005129,21,23
2026-07-28 00:35:59,mediboard,충청북도,0,0,E2300011,단양군보건의료원,2302,D,23,6,6,58636169,1,2,23,2026-07-28T00:35:10.005129,7,8
2026-07-28 00:35:59,mediboard,충청북도,0,0,A2300013,의료법인 건명의료재단 중앙제일병원,2309,C,23,14,17,58636366,3,5,23,2026-07-28T00:35:10.005129,17,22
2026-07-28 00:35:59,mediboard,충청북도,0,0,A2300034,의료법인대광의료재단괴산성모병원,2301,D,23,8,9,58636260,0,1,23,2026-07-28T00:35:10.005129,8,10
2026-07-28 00:35:59,mediboard,충청북도,3,3,A2300009,의료법인명지의료재단명지병원,2307,C,23,18,18,58636259,6,6,23,2026-07-28T00:35:10.005129,27,27
2026-07-28 00:35:59,mediboard,충청북도,0,0,A2300007,의료법인인화재단한국병원,2310,C,23,12,14,58636258,6,6,23,2026-07-28T00:35:10.005129,18,20
2026-07-28 00:35:59,mediboard,충청북도,0,0,A2300005,의료법인자산의료재단제천서울병원,2307,C,23,10,15,58636148,5,5,23,2026-07-28T00:35:10.005129,15,20
2026-07-28 00:35:59,mediboard,충청북도,0,0,A2300003,의료법인정산의료재단효성병원,2310,C,23,17,18,58636147,5,5,23,2026-07-28T00:35:10.005129,22,23
2026-07-28 00:35:59,mediboard,충청북도,0,0,A2300030,의료법인조윤의료재단영동병원,2304,D,23,10,10,58636367,0,0,23,2026-07-28T00:35:10.005129,10,10
2026-07-28 00:35:59,mediboard,충청북도,0,0,A2300002,의료법인한마음의료재단하나병원,2313,C,23,5,11,58636098,12,12,23,2026-07-28T00:35:10.005129,17,23
2026-07-28 00:35:59,mediboard,충청북도,0,0,A2300011,의료법인힐링의료재단옥천성모병원,2305,D,23,7,7,58636420,3,3,23,2026-07-28T00:35:10.005129,10,10
2026-07-28 00:35:59,mediboard,충청북도,0,0,A2300008,청주성모병원,2312,C,23,15,15,58636099,7,10,23,2026-07-28T00:35:10.005129,22,25
2026-07-28 00:35:59,mediboard,충청북도,6,8,A2300001,충북대학교병원,2311,A,23,23,32,58636146,5,5,23,2026-07-28T00:35:10.005129,34,45
2026-07-28 00:35:59,mediboard,충청북도,0,0,A2300006,충청북도청주의료원,2311,D,23,10,12,58636202,4,4,23,2026-07-28T00:35:10.005129,14,16
2026-07-28 00:35:59,mediboard,충청북도,0,0,A2300004,충청북도충주의료원,2314,D,23,13,18,58636201,3,3,23,2026-07-28T00:35:10.005129,16,21
2026-07-28 00:35:59,mediboard,충청남도,2,4,A2400002,단국대학교의과대학부속병원,2412,A,24,16,27,58636150,5,5,24,2026-07-28T00:35:10.005129,23,36
2026-07-28 00:35:59,mediboard,충청남도,0,0,A2400008,당진종합병원,2405,C,24,13,17,58636151,3,3,24,2026-07-28T00:35:10.005129,16,20
2026-07-28 00:35:59,mediboard,충청남도,0,4,A2400003,서산중앙병원,2408,C,24,15,17,58636100,3,3,24,2026-07-28T00:35:10.005129,18,24
2026-07-28 00:35:59,mediboard,충청남도,0,0,A2402257,아산충무병원,2410,C,24,8,13,58636467,8,8,24,2026-07-28T00:35:10.005129,16,21
2026-07-28 00:35:59,mediboard,충청남도,0,0,A2400044,의료법인 서해병원,2409,D,24,3,5,58636152,2,2,24,2026-07-28T00:35:10.005129,5,7
2026-07-28 00:35:59,mediboard,충청남도,0,0,A2400004,의료법인 예당의료재단 예산종합병원,2411,D,24,5,6,58636312,1,1,24,2026-07-28T00:35:10.005129,6,7
2026-07-28 00:35:59,mediboard,충청남도,0,0,A2400009,의료법인백제병원,2404,C,24,16,20,58636102,3,3,24,2026-07-28T00:35:10.005129,19,23
2026-07-28 00:35:59,mediboard,충청남도,0,0,A2400012,의료법인영서의료재단천안충무병원,2413,C,24,11,16,58636261,5,5,24,2026-07-28T00:35:10.005129,16,21
2026-07-28 00:35:59,mediboard,충청남도,0,0,A2400011,재단법인아산사회복지재단보령아산병원,2406,C,24,14,17,58636203,3,3,24,2026-07-28T00:35:10.005129,17,20
2026-07-28 00:35:59,mediboard,충청남도,0,0,E2400032,청양군보건의료원,2414,D,24,6,6,58636278,1,1,24,2026-07-28T00:35:10.005129,7,7
2026-07-28 00:35:59,mediboard,충청남도,0,0,A2400010,충청남도공주의료원,2402,D,24,13,15,58636103,1,1,24,2026-07-28T00:35:10.005129,14,16
2026-07-28 00:35:59,mediboard,충청남도,0,0,A2400006,충청남도서산의료원,2408,C,24,9,17,58636101,3,3,24,2026-07-28T00:35:10.005129,12,20
2026-07-28 00:35:59,mediboard,충청남도,0,0,A2400005,충청남도천안의료원,2412,D,24,12,12,58636368,1,2,24,2026-07-28T00:35:10.005129,13,14
2026-07-28 00:35:59,mediboard,충청남도,1,1,A2400007,충청남도홍성의료원,2416,C,24,12,18,58636421,3,3,24,2026-07-28T00:35:10.005129,16,22
2026-07-28 00:35:59,mediboard,충청남도,0,0,E2400033,태안군보건의료원,2415,D,24,10,10,58636113,1,1,24,2026-07-28T00:35:10.005129,11,11
2026-07-28 00:35:59,mediboard,충청남도,0,0,A2400038,학교법인건양교육재단건양대학교부여병원,2407,D,24,7,9,58636262,1,1,24,2026-07-28T00:35:10.005129,8,10
2026-07-28 00:35:59,mediboard,충청남도,17,18,A2400001,학교법인동은학원순천향대학교부속천안병원,2412,A,24,15,22,58636149,11,11,24,2026-07-28T00:35:10.005129,39,47
2026-07-28 00:35:59,mediboard,충청남도,0,0,A2400039,현대병원,2410,D,24,9,10,58636369,1,1,24,2026-07-28T00:35:10.005129,10,11
2026-07-28 00:35:59,mediboard,전북특별자치도,0,0,A2500038,김제우석병원,2503,D,25,10,10,58636104,1,1,25,2026-07-28T00:35:10.005129,11,11
2026-07-28 00:35:59,mediboard,전북특별자치도,0,0,A2500056,대자인병원,2512,C,25,19,33,58636264,3,3,25,2026-07-28T00:35:10.005129,22,36
2026-07-28 00:35:59,mediboard,전북특별자치도,0,0,E2500019,무주군보건의료원,2505,D,25,4,4,58636436,1,1,25,2026-07-28T00:35:10.005129,5,5
2026-07-28 00:35:59,mediboard,전북특별자치도,0,0,A2500010,부안성모병원,2506,D,25,8,10,58636371,2,2,25,2026-07-28T00:35:10.005129,10,12
2026-07-28 00:35:59,mediboard,전북특별자치도,3,3,A2502742,새강병원,2513,D,25,14,14,58636470,3,3,25,2026-07-28T00:35:10.005129,20,20
2026-07-28 00:35:59,mediboard,전북특별자치도,0,0,E2500021,순창군보건의료원,2507,D,25,9,9,58636170,1,1,25,2026-07-28T00:35:10.005129,10,10
2026-07-28 00:35:59,mediboard,전북특별자치도,3,3,A2500001,원광대학교병원,2509,A,25,6,28,58636468,4,5,25,2026-07-28T00:35:10.005129,13,36
2026-07-28 00:35:59,mediboard,전북특별자치도,0,0,A2500011,의료법인대산의료재단익산병원,2509,C,25,12,17,58636263,3,3,25,2026-07-28T00:35:10.005129,15,20
2026-07-28 00:35:59,mediboard,전북특별자치도,0,0,A2500009,의료법인석천재단고창병원,2501,D,25,9,10,58636422,1,1,25,2026-07-28T00:35:10.005129,10,11
2026-07-28 00:35:59,mediboard,전북특별자치도,0,0,A2500005,의료법인영경의료재단전주병원,2513,C,25,7,17,58636314,3,3,25,2026-07-28T00:35:10.005129,10,20
2026-07-28 00:35:59,mediboard,전북특별자치도,0,0,A2501890,의료법인영경의료재단호성전주병원,2512,D,25,7,9,58636204,1,1,25,2026-07-28T00:35:10.005129,8,10
2026-07-28 00:35:59,mediboard,전북특별자치도,0,0,A2500012,의료법인오성의료재단동군산병원,2502,C,25,11,17,58636469,6,6,25,2026-07-28T00:35:10.005129,17,23
2026-07-28 00:35:59,mediboard,전북특별자치도,0,0,E2500022,임실군보건의료원,2510,D,25,4,4,58636437,1,1,25,2026-07-28T00:35:10.005129,5,5
2026-07-28 00:35:59,mediboard,전북특별자치도,0,0,E2500020,장수군보건의료원,2511,D,25,5,5,58636279,1,1,25,2026-07-28T00:35:10.005129,6,6
2026-07-28 00:35:59,mediboard,전북특별자치도,0,0,A2500008,재단법인 아산사회복지재단 정읍아산병원,2514,C,25,17,17,58636154,3,3,25,2026-07-28T00:35:10.005129,20,20
2026-07-28 00:35:59,mediboard,전북특별자치도,8,12,A2500006,재단법인예수병원유지재단예수병원,2513,C,25,26,38,58636153,5,5,25,2026-07-28T00:35:10.005129,37,53
2026-07-28 00:35:59,mediboard,전북특별자치도,2,5,A2500002,전북대학교병원,2512,A,25,24,36,58636370,7,7,25,2026-07-28T00:35:10.005129,33,48
2026-07-28 00:35:59,mediboard,전북특별자치도,0,0,A2500007,전북특별자치도군산의료원,2502,C,25,11,17,58636315,3,3,25,2026-07-28T00:35:10.005129,14,20
2026-07-28 00:35:59,mediboard,전북특별자치도,0,0,A2500004,전북특별자치도남원의료원,2504,C,25,15,17,58636313,3,3,25,2026-07-28T00:35:10.005129,18,20
2026-07-28 00:35:59,mediboard,전북특별자치도,0,0,A2502031,진안군의료원,2515,D,25,5,6,58636372,2,2,25,2026-07-28T00:35:10.005129,7,8
2026-07-28 00:35:59,mediboard,전라남도,0,0,A2600029,곡성사랑병원,2603,D,26,5,5,58636374,1,1,26,2026-07-28T00:35:10.005129,6,6
2026-07-28 00:35:59,mediboard,전라남도,0,0,A2600006,광양사랑병원,2604,D,26,9,9,58636106,1,1,26,2026-07-28T00:35:10.005129,10,10
2026-07-28 00:35:59,mediboard,전라남도,0,0,A2600061,구례병원,2605,D,26,10,10,58636425,0,0,26,2026-07-28T00:35:10.005129,10,10
2026-07-28 00:35:59,mediboard,전라남도,0,0,A2600016,나주종합병원,2606,D,26,10,10,58636317,0,0,26,2026-07-28T00:35:10.005129,10,10
2026-07-28 00:35:59,mediboard,전라남도,0,0,A2600054,담양사랑병원,2607,D,26,6,6,58636321,2,2,26,2026-07-28T00:35:10.005129,8,8
2026-07-28 00:35:59,mediboard,전라남도,0,0,A2600003,대송의료재단무안병원,2609,D,26,4,4,58636423,1,1,26,2026-07-28T00:35:10.005129,5,5
2026-07-28 00:35:59,mediboard,전라남도,0,0,A2600020,목포기독병원,2608,D,26,16,17,58636156,3,3,26,2026-07-28T00:35:10.005129,19,20
2026-07-28 00:35:59,mediboard,전라남도,0,0,A2600022,목포시의료원,2608,D,26,9,9,58636474,1,1,26,2026-07-28T00:35:10.005129,10,10
2026-07-28 00:35:59,mediboard,전라남도,3,3,A2600011,목포한국병원,2608,A,26,13,18,58636265,5,5,26,2026-07-28T00:35:10.005129,21,26
2026-07-28 00:35:59,mediboard,전라남도,0,0,A2600052,보성아산병원,2610,D,26,8,8,58636478,1,1,26,2026-07-28T00:35:10.005129,9,9
2026-07-28 00:35:59,mediboard,전라남도,0,0,A2602211,빛가람종합병원,2606,D,26,7,9,58636208,1,1,26,2026-07-28T00:35:10.005129,8,10
2026-07-28 00:35:59,mediboard,전라남도,3,4,A2600019,성가롤로병원,2611,A,26,12,18,58636318,5,5,26,2026-07-28T00:35:10.005129,20,27
2026-07-28 00:35:59,mediboard,전라남도,0,0,A2600008,순천제일병원,2611,D,26,8,9,58636373,1,1,26,2026-07-28T00:35:10.005129,9,10
2026-07-28 00:35:59,mediboard,전라남도,0,0,A2600004,순천중앙병원,2611,D,26,5,5,58636316,1,1,26,2026-07-28T00:35:10.005129,6,6
2026-07-28 00:35:59,mediboard,전라남도,0,0,A2600010,여수전남병원,2613,D,26,9,10,58636472,1,1,26,2026-07-28T00:35:10.005129,10,11
2026-07-28 00:35:59,mediboard,전라남도,0,0,A2600014,여천전남병원,2613,C,26,15,17,58636155,3,3,26,2026-07-28T00:35:10.005129,18,20
2026-07-28 00:35:59,mediboard,전라남도,0,0,A2600015,영광종합병원,2614,D,26,9,10,58636424,3,3,26,2026-07-28T00:35:10.005129,12,13
2026-07-28 00:35:59,mediboard,전라남도,0,0,A2600070,영암한국병원,2615,D,26,7,8,58636426,0,1,26,2026-07-28T00:35:10.005129,7,9
2026-07-28 00:35:59,mediboard,전라남도,0,0,A2600032,완도대성병원,2616,D,26,4,5,58636267,1,1,26,2026-07-28T00:35:10.005129,5,6
2026-07-28 00:35:59,mediboard,전라남도,0,0,A2600034,의료법인 거명의료재단 영광기독병원,2614,D,26,8,10,58636320,1,1,26,2026-07-28T00:35:10.005129,9,11
2026-07-28 00:35:59,mediboard,전라남도,0,0,A2600017,의료법인목포구암의료재단목포중앙병원,2608,C,26,10,16,58636206,4,4,26,2026-07-28T00:35:10.005129,14,20
2026-07-28 00:35:59,mediboard,전라남도,0,0,A2600066,의료법인삼호의료재단벌교삼호병원,2610,D,26,6,6,58636158,1,1,26,2026-07-28T00:35:10.005129,7,7
2026-07-28 00:35:59,mediboard,전라남도,0,0,A2600051,의료법인신안대우병원,2612,D,26,4,4,58636477,1,1,26,2026-07-28T00:35:10.005129,5,5
2026-07-28 00:35:59,mediboard,전라남도,0,0,A2600018,의료법인영성의료재단고흥종합병원,2602,D,26,10,10,58636266,0,0,26,2026-07-28T00:35:10.005129,10,10
2026-07-28 00:35:59,mediboard,전라남도,0,0,A2600021,의료법인우범의료재단장흥종합병원,2618,D,26,9,9,58636473,1,1,26,2026-07-28T00:35:10.005129,10,10
2026-07-28 00:35:59,mediboard,전라남도,0,0,A2600068,의료법인장호의료재단녹동현대병원,2602,D,26,-1,3,58636322,2,2,26,2026-07-28T00:35:10.005129,1,5
2026-07-28 00:35:59,mediboard,전라남도,0,0,A2600005,의료법인한국의료재단한국병원,2611,D,26,7,11,58636105,1,1,26,2026-07-28T00:35:10.005129,8,12
2026-07-28 00:35:59,mediboard,전라남도,0,0,A2600027,의료법인한마음의료재단여수제일병원,2613,D,26,7,9,58636319,1,1,26,2026-07-28T00:35:10.005129,8,10
2026-07-28 00:35:59,mediboard,전라남도,0,0,A2600035,의료법인행복나눔의료재단장성병원,2617,D,26,4,4,58636207,1,1,26,2026-07-28T00:35:10.005129,5,5
2026-07-28 00:35:59,mediboard,전라남도,0,0,A2600009,의료법인행촌의료재단해남종합병원,2621,D,26,10,10,58636471,1,1,26,2026-07-28T00:35:10.005129,11,11
2026-07-28 00:35:59,mediboard,전라남도,0,0,A2600024,의료법인현경의료재단광양서울병원,2604,D,26,8,9,58636475,1,1,26,2026-07-28T00:35:10.005129,9,10
2026-07-28 00:35:59,mediboard,전라남도,0,0,A2600037,장흥우리병원,2618,D,26,4,4,58636157,1,1,26,2026-07-28T00:35:10.005129,5,5
2026-07-28 00:35:59,mediboard,전라남도,0,0,A2600050,전라남도강진의료원,2601,D,26,8,9,58636375,1,1,26,2026-07-28T00:35:10.005129,9,10
2026-07-28 00:35:59,mediboard,전라남도,0,0,A2600056,전라남도순천의료원,2611,D,26,6,6,58636479,2,2,26,2026-07-28T00:35:10.005129,8,8
2026-07-28 00:35:59,mediboard,전라남도,0,0,A2600040,진도한국병원,2619,D,26,4,4,58636476,1,1,26,2026-07-28T00:35:10.005129,5,5
2026-07-28 00:35:59,mediboard,전라남도,0,0,A2600077,해남우리종합병원,2621,D,26,14,15,58636159,4,4,26,2026-07-28T00:35:10.005129,18,19
2026-07-28 00:35:59,mediboard,전라남도,1,1,A2600001,화순전남대학교병원,2622,C,26,16,16,58636205,7,7,26,2026-07-28T00:35:10.005129,24,24
2026-07-28 00:35:59,mediboard,경상북도,0,0,A2700018,경상북도김천의료원,2706,D,27,11,17,58636328,1,1,27,2026-07-28T00:35:10.005129,12,18
2026-07-28 00:35:59,mediboard,경상북도,0,0,A2700001,경상북도안동의료원,2711,D,27,6,6,58636107,2,2,27,2026-07-28T00:35:10.005129,8,8
2026-07-28 00:35:59,mediboard,경상북도,0,0,A2700005,경상북도포항의료원,2724,D,27,8,8,58636323,2,2,27,2026-07-28T00:35:10.005129,10,10
2026-07-28 00:35:59,mediboard,경상북도,0,0,A2700097,계명대학교경주동산병원,2702,D,27,6,9,58636376,1,1,27,2026-07-28T00:35:10.005129,7,10
2026-07-28 00:35:59,mediboard,경상북도,0,0,A2700015,구미강동병원,2704,D,27,6,7,58636327,3,3,27,2026-07-28T00:35:10.005129,9,10
2026-07-28 00:35:59,mediboard,경상북도,1,3,A2700003,동국대학교의과대학경주병원,2702,C,27,8,16,58636427,7,7,27,2026-07-28T00:35:10.005129,16,26
2026-07-28 00:35:59,mediboard,경상북도,0,0,A2700011,상주적십자병원,2709,D,27,7,9,58636480,1,1,27,2026-07-28T00:35:10.005129,8,10
2026-07-28 00:35:59,mediboard,경상북도,2,4,A2700013,순천향대학교부속구미병원,2704,C,27,7,13,58636211,3,3,27,2026-07-28T00:35:10.005129,12,20
2026-07-28 00:35:59,mediboard,경상북도,0,0,A2700004,안동성소병원,2711,C,27,11,12,58636108,7,8,27,2026-07-28T00:35:10.005129,18,20
2026-07-28 00:35:59,mediboard,경상북도,0,0,A2700008,에스포항병원,2723,D,27,6,6,58636325,1,1,27,2026-07-28T00:35:10.005129,7,7
2026-07-28 00:35:59,mediboard,경상북도,0,0,A2700017,영남대학교의과대학부속영천병원,2715,D,27,10,10,58636269,3,3,27,2026-07-28T00:35:10.005129,13,13
2026-07-28 00:35:59,mediboard,경상북도,0,0,A2700031,영주기독병원,2714,D,27,4,4,58636161,1,1,27,2026-07-28T00:35:10.005129,5,5
2026-07-28 00:35:59,mediboard,경상북도,0,0,A2700020,영주자인병원,2714,D,27,4,4,58636270,1,1,27,2026-07-28T00:35:10.005129,5,5
2026-07-28 00:35:59,mediboard,경상북도,0,0,A2702752,영주적십자병원,2714,D,27,10,10,58636213,1,1,27,2026-07-28T00:35:10.005129,11,11
2026-07-28 00:35:59,mediboard,경상북도,0,0,E2700553,울릉군보건의료원,2717,D,27,4,5,58636114,0,0,27,2026-07-28T00:35:10.005129,4,5
2026-07-28 00:35:59,mediboard,경상북도,0,0,A2700052,울진군의료원,2718,D,27,8,8,58636163,2,2,27,2026-07-28T00:35:10.005129,10,10
2026-07-28 00:35:59,mediboard,경상북도,0,0,A2700019,의)근원의료재단경산중앙병원,2701,D,27,7,10,58636160,2,2,27,2026-07-28T00:35:10.005129,9,12
2026-07-28 00:35:59,mediboard,경상북도,0,0,A2700038,의료법인대남의료재단청도대남병원,2720,D,27,10,10,58636481,0,0,27,2026-07-28T00:35:10.005129,10,10
2026-07-28 00:35:59,mediboard,경상북도,0,0,A2700012,의료법인덕산의료재단김천제일병원,2706,C,27,14,16,58636326,4,4,27,2026-07-28T00:35:10.005129,18,20
2026-07-28 00:35:59,mediboard,경상북도,0,0,A2700006,의료법인동춘의료재단문경제일병원,2707,C,27,17,17,58636324,1,3,27,2026-07-28T00:35:10.005129,18,20
2026-07-28 00:35:59,mediboard,경상북도,0,0,A2700009,의료법인삼백의료재단상주성모병원,2709,D,27,9,9,58636428,1,1,27,2026-07-28T00:35:10.005129,10,10
2026-07-28 00:35:59,mediboard,경상북도,0,0,A2700036,의료법인서명의료재단세명종합병원,2701,D,27,10,13,58636162,1,2,27,2026-07-28T00:35:10.005129,11,15
2026-07-28 00:35:59,mediboard,경상북도,0,0,A2700023,의료법인서준의료재단예천권병원,2716,D,27,6,6,58636212,1,1,27,2026-07-28T00:35:10.005129,7,7
2026-07-28 00:35:59,mediboard,경상북도,1,3,A2700014,의료법인안동병원,2711,A,27,10,17,58636109,4,5,27,2026-07-28T00:35:10.005129,15,25
2026-07-28 00:35:59,mediboard,경상북도,0,0,A2700070,의료법인영암의료재단고령영생병원,2703,D,27,5,5,58636272,1,1,27,2026-07-28T00:35:10.005129,6,6
2026-07-28 00:35:59,mediboard,경상북도,0,0,A2700063,의료법인영제의료재단영남제일병원,2719,D,27,4,5,58636271,1,1,27,2026-07-28T00:35:10.005129,5,6
2026-07-28 00:35:59,mediboard,경상북도,0,0,A2702563,의료법인은성의료재단좋은선린병원,2724,D,27,8,10,58636273,2,2,27,2026-07-28T00:35:10.005129,10,12
2026-07-28 00:35:59,mediboard,경상북도,5,5,A2700007,차의과학대학교부속구미차병원,2704,A,27,7,20,58636210,5,12,27,2026-07-28T00:35:10.005129,17,37
2026-07-28 00:35:59,mediboard,경상북도,0,0,E2700554,청송군보건의료원,2721,D,27,5,5,58636337,1,1,27,2026-07-28T00:35:10.005129,6,6
2026-07-28 00:35:59,mediboard,경상북도,11,11,A2700016,포항성모병원,2723,A,27,6,20,58636268,5,15,27,2026-07-28T00:35:10.005129,22,46
2026-07-28 00:35:59,mediboard,경상북도,0,0,A2700002,포항세명기독병원,2723,C,27,5,15,58636209,10,10,27,2026-07-28T00:35:10.005129,15,25
2026-07-28 00:35:59,mediboard,경상남도,0,0,A2800032,강병원,2803,D,28,9,9,58636379,1,1,28,2026-07-28T00:35:10.005129,10,10
2026-07-28 00:35:59,mediboard,경상남도,0,0,A2803677,강일병원,2804,D,28,7,8,58636218,3,3,28,2026-07-28T00:35:10.005129,10,11
2026-07-28 00:35:59,mediboard,경상남도,0,0,A2800076,거창적십자병원,2802,D,28,7,9,58636382,1,1,28,2026-07-28T00:35:10.005129,8,10
2026-07-28 00:35:59,mediboard,경상남도,3,3,A2800001,경상국립대학교병원,2811,A,28,22,30,58636429,4,5,28,2026-07-28T00:35:10.005129,29,38
2026-07-28 00:35:59,mediboard,경상남도,0,0,A2800025,경상남도마산의료원,2813,D,28,12,13,58636216,2,2,28,2026-07-28T00:35:10.005129,14,15
2026-07-28 00:35:59,mediboard,경상남도,0,0,A2800113,밀양병원,2806,D,28,5,8,58636434,1,1,28,2026-07-28T00:35:10.005129,6,9
2026-07-28 00:35:59,mediboard,경상남도,0,0,A2800084,반도병원,2811,D,28,6,7,58636334,1,1,28,2026-07-28T00:35:10.005129,7,8
2026-07-28 00:35:59,mediboard,경상남도,0,0,A2800019,베데스다복음병원,2809,D,28,7,9,58636431,1,1,28,2026-07-28T00:35:10.005129,8,10
2026-07-28 00:35:59,mediboard,경상남도,0,0,E2800380,산청군보건의료원,2808,D,28,5,5,58636222,1,1,28,2026-07-28T00:35:10.005129,6,6
2026-07-28 00:35:59,mediboard,경상남도,0,0,A2800055,삼성합천병원,2822,D,28,4,4,58636380,1,1,28,2026-07-28T00:35:10.005129,5,5
2026-07-28 00:35:59,mediboard,경상남도,0,0,A2800101,삼천포제일병원,2807,D,28,8,8,58636217,2,2,28,2026-07-28T00:35:10.005129,10,10
2026-07-28 00:35:59,mediboard,경상남도,0,0,A2800092,새통영병원,2818,D,28,8,9,58636166,1,1,28,2026-07-28T00:35:10.005129,9,10
2026-07-28 00:35:59,mediboard,경상남도,5,10,A2800011,양산부산대학교병원,2809,A,28,11,23,58636274,8,8,28,2026-07-28T00:35:10.005129,22,39
2026-07-28 00:35:59,mediboard,경상남도,0,0,A2804593,양산성모병원,2809,D,28,8,13,58636219,1,1,28,2026-07-28T00:35:10.005129,9,14
2026-07-28 00:35:59,mediboard,경상남도,0,0,A2800021,연세에스병원,2817,D,28,9,9,58636165,1,1,28,2026-07-28T00:35:10.005129,10,10
2026-07-28 00:35:59,mediboard,경상남도,0,0,A2800090,의령병원,2810,D,28,4,4,58636276,1,1,28,2026-07-28T00:35:10.005129,5,5
2026-07-28 00:35:59,mediboard,경상남도,0,0,A2800008,의료법인 거붕 백병원,2801,D,28,7,9,58636330,1,1,28,2026-07-28T00:35:10.005129,8,10
2026-07-28 00:35:59,mediboard,경상남도,0,0,A2800005,의료법인 대우의료재단대우병원,2801,D,28,6,9,58636110,1,1,28,2026-07-28T00:35:10.005129,7,10
2026-07-28 00:35:59,mediboard,경상남도,0,0,A2800015,의료법인 문병욱의료재단 진주고려병원,2811,D,28,9,10,58636430,1,1,28,2026-07-28T00:35:10.005129,10,11
2026-07-28 00:35:59,mediboard,경상남도,0,0,A2800022,의료법인 성념의료재단맑은샘병원,2801,D,28,9,9,58636482,1,1,28,2026-07-28T00:35:10.005129,10,10
2026-07-28 00:35:59,mediboard,경상남도,0,0,A2800094,의료법인 이도의료재단 남해병원,2805,D,28,8,8,58636277,2,2,28,2026-07-28T00:35:10.005129,10,10
2026-07-28 00:35:59,mediboard,경상남도,0,0,A2800014,의료법인갑을의료재단 갑을장유병원,2804,D,28,8,9,58636332,1,1,28,2026-07-28T00:35:10.005129,9,10
2026-07-28 00:35:59,mediboard,경상남도,0,0,A2800006,의료법인숭인의료재단 김해복음병원,2804,C,28,13,16,58636377,4,4,28,2026-07-28T00:35:10.005129,17,20
2026-07-28 00:35:59,mediboard,경상남도,0,0,A2800068,의료법인승연의료재단 삼천포서울병원,2807,D,28,8,9,58636381,1,1,28,2026-07-28T00:35:10.005129,9,10
2026-07-28 00:35:59,mediboard,경상남도,0,0,A2800009,의료법인청아의료재단청아병원,2814,D,28,9,9,58636331,1,1,28,2026-07-28T00:35:10.005129,10,10
2026-07-28 00:35:59,mediboard,경상남도,0,0,A2800017,의료법인합포의료재단에스엠지연세병원,2813,C,28,16,17,58636275,3,3,28,2026-07-28T00:35:10.005129,19,20
2026-07-28 00:35:59,mediboard,경상남도,0,0,A2800010,의료법인환명의료재단 조은금강병원,2804,C,28,11,17,58636215,3,3,28,2026-07-28T00:35:10.005129,14,20
2026-07-28 00:35:59,mediboard,경상남도,0,0,A2800003,제일병원,2811,C,28,11,17,58636214,3,3,28,2026-07-28T00:35:10.005129,14,20
2026-07-28 00:35:59,mediboard,경상남도,0,0,A2800037,진주복음병원,2811,D,28,7,9,58636111,1,1,28,2026-07-28T00:35:10.005129,8,10
2026-07-28 00:35:59,mediboard,경상남도,0,0,A2803505,창원경상국립대학교병원,2815,C,28,14,18,58636167,3,10,28,2026-07-28T00:35:10.005129,17,28
2026-07-28 00:35:59,mediboard,경상남도,0,0,A2800004,창원파티마병원,2816,C,28,4,17,58636329,3,3,28,2026-07-28T00:35:10.005129,7,20
2026-07-28 00:35:59,mediboard,경상남도,0,0,A2800007,창원한마음병원,2816,C,28,7,21,58636378,1,4,28,2026-07-28T00:35:10.005129,8,25
2026-07-28 00:35:59,mediboard,경상남도,0,0,A2800062,태황의료재단한성병원,2812,D,28,8,9,58636433,1,1,28,2026-07-28T00:35:10.005129,9,10
2026-07-28 00:35:59,mediboard,경상남도,8,8,A2800020,학교법인성균관대학삼성창원병원,2814,A,28,19,27,58636164,5,5,28,2026-07-28T00:35:10.005129,32,40
2026-07-28 00:35:59,mediboard,경상남도,0,0,A2800043,한일병원,2811,C,28,13,17,58636432,3,3,28,2026-07-28T00:35:10.005129,16,20
2026-07-28 00:35:59,mediboard,경상남도,0,0,A2800080,함양성심병원,2821,D,28,4,4,58636333,1,1,28,2026-07-28T00:35:10.005129,5,5
2026-07-28 00:35:59,mediboard,제주특별자치도,0,0,A2900003,의료법인 혜인의료재단 한국병원,2902,D,29,5,9,58636383,1,1,29,2026-07-28T00:35:10.005129,6,10
2026-07-28 00:35:59,mediboard,제주특별자치도,1,1,A2900006,의료법인중앙의료재단중앙병원,2902,C,29,6,16,58636220,3,3,29,2026-07-28T00:35:10.005129,10,20
2026-07-28 00:35:59,mediboard,제주특별자치도,0,0,A2900007,제주대학교병원,2902,C,29,-5,20,58636335,4,6,29,2026-07-28T00:35:10.005129,-1,26
2026-07-28 00:35:59,mediboard,제주특별자치도,4,4,A2900002,제주특별자치도서귀포의료원,2901,C,29,13,16,58636168,5,5,29,2026-07-28T00:35:10.005129,22,25
2026-07-28 00:35:59,mediboard,제주특별자치도,3,3,A2900001,제주한라병원,2902,A,29,8,17,58636483,5,5,29,2026-07-28T00:35:10.005129,16,25
2026-07-28 00:35:59,mediboard,제주특별자치도,0,0,A2900005,한마음병원,2902,C,29,7,17,58636435,2,3,29,2026-07-28T00:35:10.005129,9,20
