collected_at,source,region,childRealTimeBed,childTotalBed,emogCode,emogDesc,emogDstr,emogGrdc2,emogLoca,generalRealTimeBed,generalTotalBed,id,isoRealTimeBed,isoTotalBed,regionCode,updateDate,wholeRealTimeBed,wholeTotalBed
2026-03-28 00:13:57,mediboard,서울특별시,0,0,A1100011,가톨릭대학교여의도성모병원,1120,C,11,10,15,43973899,5,5,11,2026-03-28T00:10:10.006373,15,20
2026-03-28 00:13:57,mediboard,서울특별시,7,8,A1121013,가톨릭대학교은평성모병원,1122,C,11,6,24,43974115,4,4,11,2026-03-28T00:10:10.006373,17,36
2026-03-28 00:13:57,mediboard,서울특별시,3,3,A1100043,강동경희대학교의대병원,1102,A,11,6,15,43973848,2,5,11,2026-03-28T00:10:10.006373,11,23
2026-03-28 00:13:57,mediboard,서울특별시,2,2,A1100006,강북삼성병원,1123,C,11,7,15,43974109,3,3,11,2026-03-28T00:10:10.006373,12,20
2026-03-28 00:13:57,mediboard,서울특별시,3,4,A1100002,건국대학교병원,1106,C,11,12,20,43974011,3,3,11,2026-03-28T00:10:10.006373,18,27
2026-03-28 00:13:57,mediboard,서울특별시,0,0,A1100039,경찰병원,1118,D,11,3,3,43974016,1,2,11,2026-03-28T00:10:10.006373,4,5
2026-03-28 00:13:57,mediboard,서울특별시,3,3,A1100001,경희대학교병원,1111,C,11,9,15,43973955,5,5,11,2026-03-28T00:10:10.006373,17,23
2026-03-28 00:13:57,mediboard,서울특별시,0,3,A1100014,고려대학교의과대학부속구로병원,1107,A,11,14,29,43973900,3,5,11,2026-03-28T00:10:10.006373,17,37
2026-03-28 00:13:57,mediboard,서울특별시,0,0,A1100026,구로성심병원,1107,D,11,6,9,43974112,1,1,11,2026-03-28T00:10:10.006373,7,10
2026-03-28 00:13:57,mediboard,서울특별시,3,3,A1100052,국립중앙의료원,1124,C,11,12,17,43974060,9,10,11,2026-03-28T00:10:10.006373,24,30
2026-03-28 00:13:57,mediboard,서울특별시,0,0,A1122033,기쁨병원,1115,D,11,4,4,43973742,1,1,11,2026-03-28T00:10:10.006373,5,5
2026-03-28 00:13:57,mediboard,서울특별시,0,0,A1100048,노원을지대학교병원,1109,C,11,13,17,43973740,5,5,11,2026-03-28T00:10:10.006373,18,22
2026-03-28 00:13:57,mediboard,서울특별시,0,0,A1100044,녹색병원,1125,D,11,2,5,43974059,5,5,11,2026-03-28T00:10:10.006373,7,10
2026-03-28 00:13:57,mediboard,서울특별시,0,0,A1100037,대림성모병원,1120,D,11,8,8,43973903,2,2,11,2026-03-28T00:10:10.006373,10,10
2026-03-28 00:13:57,mediboard,서울특별시,0,0,A1100024,명지성모병원,1120,D,11,7,8,43973738,2,2,11,2026-03-28T00:10:10.006373,9,10
2026-03-28 00:13:57,mediboard,서울특별시,0,0,A1100036,부민병원,1104,D,11,8,10,43974113,1,1,11,2026-03-28T00:10:10.006373,9,11
2026-03-28 00:13:57,mediboard,서울특별시,2,4,A1100010,삼성서울병원,1101,C,11,-11,52,43974012,4,4,11,2026-03-28T00:10:10.006373,-5,60
2026-03-28 00:13:57,mediboard,서울특별시,0,0,A1100021,삼육서울병원,1111,C,11,10,13,43974013,5,7,11,2026-03-28T00:10:10.006373,15,20
2026-03-28 00:13:57,mediboard,서울특별시,11,12,A1100017,서울대학교병원,1123,A,11,-7,24,43973737,7,8,11,2026-03-28T00:10:10.006373,9,42
2026-03-28 00:13:57,mediboard,서울특별시,0,0,A1100050,서울성심병원,1111,D,11,14,17,43974017,3,3,11,2026-03-28T00:10:10.006373,17,20
2026-03-28 00:13:57,mediboard,서울특별시,0,0,A1100029,서울적십자병원,1123,D,11,10,10,43973846,0,1,11,2026-03-28T00:10:10.006373,10,11
2026-03-28 00:13:57,mediboard,서울특별시,0,0,A1100022,서울특별시동부병원,1111,D,11,8,8,43973789,2,2,11,2026-03-28T00:10:10.006373,10,10
2026-03-28 00:13:57,mediboard,서울특별시,3,3,A1100040,서울특별시보라매병원,1112,C,11,14,31,43973847,4,5,11,2026-03-28T00:10:10.006373,21,39
2026-03-28 00:13:57,mediboard,서울특별시,0,0,A1100223,서울특별시서남병원,1119,D,11,7,7,43973792,3,3,11,2026-03-28T00:10:10.006373,10,10
2026-03-28 00:13:57,mediboard,서울특별시,0,3,A1100035,서울특별시서울의료원,1125,A,11,5,19,43974015,5,5,11,2026-03-28T00:10:10.006373,10,27
2026-03-28 00:13:57,mediboard,서울특별시,0,0,A1100028,성심의료재단강동성심병원,1102,C,11,6,15,43974014,9,9,11,2026-03-28T00:10:10.006373,15,24
2026-03-28 00:13:57,mediboard,서울특별시,0,0,A1100054,성애의료재단성애병원,1120,C,11,11,15,43974061,5,11,11,2026-03-28T00:10:10.006373,16,26
2026-03-28 00:13:57,mediboard,서울특별시,0,0,A1100032,세란병원,1123,D,11,10,10,43973902,1,1,11,2026-03-28T00:10:10.006373,11,11
2026-03-28 00:13:57,mediboard,서울특별시,4,4,A1100004,순천향대학교 부속 서울병원,1121,C,11,13,20,43973956,3,3,11,2026-03-28T00:10:10.006373,20,27
2026-03-28 00:13:57,mediboard,서울특별시,2,2,A1100015,연세대학교의과대학강남세브란스병원,1101,C,11,9,21,43974111,2,3,11,2026-03-28T00:10:10.006373,13,26
2026-03-28 00:13:57,mediboard,서울특별시,8,10,A1100007,연세대학교의과대학세브란스병원,1114,C,11,0,39,43974056,6,6,11,2026-03-28T00:10:10.006373,12,53
2026-03-28 00:13:57,mediboard,서울특별시,0,0,A1100025,의료법인동신의료재단동신병원,1114,D,11,6,9,43974058,1,1,11,2026-03-28T00:10:10.006373,7,10
2026-03-28 00:13:57,mediboard,서울특별시,0,0,A1100041,의료법인서울효천의료재단에이치플러스양지병원,1105,C,11,2,18,43973791,3,3,11,2026-03-28T00:10:10.006373,5,21
2026-03-28 00:13:57,mediboard,서울특별시,0,0,A1100023,의료법인청구성심병원,1122,D,11,7,10,43973790,1,1,11,2026-03-28T00:10:10.006373,8,11
2026-03-28 00:13:57,mediboard,서울특별시,0,0,A1100075,의료법인풍산의료재단동부제일병원,1125,D,11,7,7,43973741,1,1,11,2026-03-28T00:10:10.006373,8,8
2026-03-28 00:13:57,mediboard,서울특별시,2,2,A1100020,의료법인한전의료재단한일병원,1110,C,11,15,21,43973959,4,4,11,2026-03-28T00:10:10.006373,21,27
2026-03-28 00:13:57,mediboard,서울특별시,8,8,A1100005,이화여자대학교의과대학부속목동병원,1119,A,11,8,19,43974055,5,6,11,2026-03-28T00:10:10.006373,21,33
2026-03-28 00:13:57,mediboard,서울특별시,6,9,A1120796,이화여자대학교의과대학부속서울병원,1104,C,11,-1,14,43974018,7,8,11,2026-03-28T00:10:10.006373,12,31
2026-03-28 00:13:57,mediboard,서울특별시,0,0,A1100016,인제대학교상계백병원,1109,C,11,6,16,43974057,5,7,11,2026-03-28T00:10:10.006373,11,23
2026-03-28 00:13:57,mediboard,서울특별시,3,14,A1100009,재단법인아산사회복지재단서울아산병원,1118,C,11,5,36,43973958,14,26,11,2026-03-28T00:10:10.006373,19,73
2026-03-28 00:13:57,mediboard,서울특별시,1,4,A1100003,중앙대학교병원,1112,C,11,5,18,43973898,3,3,11,2026-03-28T00:10:10.006373,9,25
2026-03-28 00:13:57,mediboard,서울특별시,4,6,A1100012,학교법인가톨릭학원가톨릭대학교서울성모병원,1115,C,11,7,27,43973845,5,7,11,2026-03-28T00:10:10.006373,16,40
2026-03-28 00:13:57,mediboard,서울특별시,4,4,A1100008,학교법인고려중앙학원고려대학교의과대학부속병원(안암병원),1117,A,11,11,30,43973957,6,9,11,2026-03-28T00:10:10.006373,21,43
2026-03-28 00:13:57,mediboard,서울특별시,0,0,A1100053,한국보훈복지의료공단중앙보훈병원,1102,C,11,18,22,43973904,3,3,11,2026-03-28T00:10:10.006373,21,25
2026-03-28 00:13:57,mediboard,서울특별시,0,0,A1100027,한국원자력의학원원자력병원,1109,D,11,8,9,43973739,1,3,11,2026-03-28T00:10:10.006373,9,12
2026-03-28 00:13:57,mediboard,서울특별시,2,2,A1100055,한림대학교강남성심병원,1120,C,11,17,22,43973961,3,3,11,2026-03-28T00:10:10.006373,22,27
2026-03-28 00:13:57,mediboard,서울특별시,2,3,A1100013,한양대학교병원,1116,A,11,18,20,43974110,7,12,11,2026-03-28T00:10:10.006373,27,35
2026-03-28 00:13:57,mediboard,서울특별시,0,0,A1100051,혜민병원,1106,D,11,9,9,43973960,1,1,11,2026-03-28T00:10:10.006373,10,10
2026-03-28 00:13:57,mediboard,서울특별시,0,0,A1100019,홍익병원,1119,D,11,7,9,43973901,0,1,11,2026-03-28T00:10:10.006373,7,10
2026-03-28 00:13:57,mediboard,서울특별시,0,0,A1100049,희명병원,1108,D,11,9,10,43974114,1,1,11,2026-03-28T00:10:10.006373,10,11
2026-03-28 00:13:57,mediboard,부산광역시,0,0,A1200028,(의)서일의료재단기장병원,1203,D,12,8,9,43974020,1,1,12,2026-03-28T00:10:10.006373,9,10
2026-03-28 00:13:57,mediboard,부산광역시,0,0,A1200004,고신대학교복음병원,1211,C,12,13,24,43973793,5,5,12,2026-03-28T00:10:10.006373,18,29
2026-03-28 00:13:57,mediboard,부산광역시,0,0,A1200045,구포성심병원,1208,D,12,7,9,43973853,0,1,12,2026-03-28T00:10:10.006373,7,10
2026-03-28 00:13:57,mediboard,부산광역시,3,3,A1200018,대동병원,1206,C,12,8,15,43973907,3,3,12,2026-03-28T00:10:10.006373,14,21
2026-03-28 00:13:57,mediboard,부산광역시,0,0,A1200015,동남권원자력의학원원자력병원,1203,D,12,7,9,43973965,1,1,12,2026-03-28T00:10:10.006373,8,10
2026-03-28 00:13:57,mediboard,부산광역시,0,0,A1200011,동래봉생병원,1206,D,12,4,8,43974064,2,2,12,2026-03-28T00:10:10.006373,6,10
2026-03-28 00:13:57,mediboard,부산광역시,3,3,A1200003,동아대학교병원,1211,A,12,7,16,43974116,5,5,12,2026-03-28T00:10:10.006373,15,24
2026-03-28 00:13:57,mediboard,부산광역시,0,0,A1200024,부산광역시의료원,1213,D,12,12,12,43974066,8,8,12,2026-03-28T00:10:10.006373,20,20
2026-03-28 00:13:57,mediboard,부산광역시,3,3,A1200002,부산대학교병원,1211,C,12,12,19,43973743,3,3,12,2026-03-28T00:10:10.006373,18,25
2026-03-28 00:13:57,mediboard,부산광역시,4,4,A1200013,부산성모병원(재단법인 천주교부산교구유지재단),1204,D,12,10,10,43973964,5,5,12,2026-03-28T00:10:10.006373,19,19
2026-03-28 00:13:57,mediboard,부산광역시,0,0,A1200007,비에이치에스한서병원,1212,C,12,16,17,43973963,3,3,12,2026-03-28T00:10:10.006373,19,20
2026-03-28 00:13:57,mediboard,부산광역시,0,0,A1200021,삼육부산병원,1211,D,12,6,9,43973851,1,1,12,2026-03-28T00:10:10.006373,7,10
2026-03-28 00:13:57,mediboard,부산광역시,0,0,A1200014,영도병원,1214,D,12,6,7,43973850,1,2,12,2026-03-28T00:10:10.006373,7,9
2026-03-28 00:13:57,mediboard,부산광역시,0,0,A1200009,의료법인 광혜의료재단 광혜병원,1206,D,12,8,9,43974063,3,3,12,2026-03-28T00:10:10.006373,11,12
2026-03-28 00:13:57,mediboard,부산광역시,0,0,A1200098,의료법인 센텀의료재단 센텀종합병원,1212,D,12,6,9,43973966,1,1,12,2026-03-28T00:10:10.006373,7,10
2026-03-28 00:13:57,mediboard,부산광역시,0,0,A1200020,의료법인 온그룹의료재단 온병원,1207,C,12,17,20,43973744,2,3,12,2026-03-28T00:10:10.006373,19,23
2026-03-28 00:13:57,mediboard,부산광역시,0,0,A1200008,의료법인 은성의료재단 좋은강안병원,1212,D,12,8,15,43973905,2,2,12,2026-03-28T00:10:10.006373,10,17
2026-03-28 00:13:57,mediboard,부산광역시,1,1,A1200005,의료법인 은성의료재단 좋은삼선병원,1209,C,12,11,13,43973849,6,6,12,2026-03-28T00:10:10.006373,18,20
2026-03-28 00:13:57,mediboard,부산광역시,0,0,A1200006,의료법인 인당의료재단 부민병원,1208,D,12,10,10,43974062,2,2,12,2026-03-28T00:10:10.006373,12,12
2026-03-28 00:13:57,mediboard,부산광역시,0,0,A1205143,의료법인 인당의료재단 해운대부민병원,1216,D,12,2,9,43974021,1,1,12,2026-03-28T00:10:10.006373,3,10
2026-03-28 00:13:57,mediboard,부산광역시,0,0,A1200012,의료법인 행도의료재단 해동병원,1214,D,12,6,6,43973794,1,1,12,2026-03-28T00:10:10.006373,7,7
2026-03-28 00:13:57,mediboard,부산광역시,0,0,A1200017,의료법인정화의료재단 봉생기념병원,1205,D,12,8,9,43973906,1,2,12,2026-03-28T00:10:10.006373,9,11
2026-03-28 00:13:57,mediboard,부산광역시,3,3,A1200022,인제대학교 해운대백병원,1216,A,12,23,29,43974019,5,5,12,2026-03-28T00:10:10.006373,31,37
2026-03-28 00:13:57,mediboard,부산광역시,0,0,A1200001,인제대학교부산백병원,1207,C,12,27,32,43973962,3,3,12,2026-03-28T00:10:10.006373,30,35
2026-03-28 00:13:57,mediboard,부산광역시,0,0,A1200023,재단법인천주교부산교구유지재단 메리놀병원,1215,D,12,8,9,43973852,1,1,12,2026-03-28T00:10:10.006373,9,10
2026-03-28 00:13:57,mediboard,부산광역시,2,2,A1200026,좋은문화병원,1205,D,12,5,7,43973746,3,3,12,2026-03-28T00:10:10.006373,10,12
2026-03-28 00:13:57,mediboard,부산광역시,0,0,A1200025,학교법인 춘해병원,1207,D,12,7,9,43973745,1,1,12,2026-03-28T00:10:10.006373,8,10
2026-03-28 00:13:57,mediboard,부산광역시,0,0,A1200019,학교법인)동의병원,1207,D,12,11,14,43973795,1,1,12,2026-03-28T00:10:10.006373,12,15
2026-03-28 00:13:57,mediboard,부산광역시,0,0,A1200016,한국보훈복지의료공단 부산보훈병원,1209,D,12,11,11,43974065,2,2,12,2026-03-28T00:10:10.006373,13,13
2026-03-28 00:13:57,mediboard,인천광역시,0,0,A1300081,(재)미리내천주성삼성직수도회천주성삼병원,1307,D,13,7,9,43973968,1,2,13,2026-03-28T00:10:10.006373,8,11
2026-03-28 00:13:57,mediboard,인천광역시,0,0,A1300018,강남종합병원,1304,D,13,15,15,43974071,1,1,13,2026-03-28T00:10:10.006373,16,16
2026-03-28 00:13:57,mediboard,인천광역시,4,4,A1300002,경북대학교병원,1308,A,13,22,27,43974067,5,5,13,2026-03-28T00:10:10.006373,31,36
2026-03-28 00:13:57,mediboard,인천광역시,0,0,A1303386,계명대학교대구동산병원,1308,D,13,10,12,43973797,2,2,13,2026-03-28T00:10:10.006373,12,14
2026-03-28 00:13:57,mediboard,인천광역시,0,0,A1300003,계명대학교동산병원,1302,C,13,4,26,43973747,3,3,13,2026-03-28T00:10:10.006373,7,29
2026-03-28 00:13:57,mediboard,인천광역시,0,0,A1300008,곽병원,1308,D,13,7,10,43974070,2,2,13,2026-03-28T00:10:10.006373,9,12
2026-03-28 00:13:57,mediboard,인천광역시,0,0,A1300038,나사렛종합병원,1302,D,13,3,9,43974117,1,10,13,2026-03-28T00:10:10.006373,4,19
2026-03-28 00:13:57,mediboard,인천광역시,0,0,A1300004,대구가톨릭대학교병원,1301,C,13,17,24,43973855,4,4,13,2026-03-28T00:10:10.006373,21,28
2026-03-28 00:13:57,mediboard,인천광역시,0,0,A1300005,대구가톨릭대학교칠곡가톨릭병원,1305,D,13,8,9,43974068,1,1,13,2026-03-28T00:10:10.006373,9,10
2026-03-28 00:13:57,mediboard,인천광역시,0,0,A1300076,대구굿모닝병원,1306,D,13,11,17,43974072,2,2,13,2026-03-28T00:10:10.006373,13,19
2026-03-28 00:13:57,mediboard,인천광역시,0,0,A1300007,대구의료원,1306,D,13,15,18,43974069,2,2,13,2026-03-28T00:10:10.006373,17,20
2026-03-28 00:13:57,mediboard,인천광역시,5,5,A1300009,대구파티마병원,1304,C,13,2,25,43973856,7,7,13,2026-03-28T00:10:10.006373,14,37
2026-03-28 00:13:57,mediboard,인천광역시,0,0,A1300110,더블유병원,1302,D,13,8,10,43973908,1,1,13,2026-03-28T00:10:10.006373,9,11
2026-03-28 00:13:57,mediboard,인천광역시,0,0,A1300034,드림종합병원,1301,D,13,4,8,43973967,2,2,13,2026-03-28T00:10:10.006373,6,10
2026-03-28 00:13:57,mediboard,인천광역시,0,0,A1300045,삼일병원,1302,D,13,11,14,43973858,1,1,13,2026-03-28T00:10:10.006373,12,15
2026-03-28 00:13:57,mediboard,인천광역시,2,3,A1300001,영남대학교병원,1301,A,13,18,28,43973854,5,5,13,2026-03-28T00:10:10.006373,25,36
2026-03-28 00:13:57,mediboard,인천광역시,0,0,A1300006,의료법인구의료재단구병원,1302,D,13,10,10,43973796,1,1,13,2026-03-28T00:10:10.006373,11,11
2026-03-28 00:13:57,mediboard,인천광역시,-1,9,A1300010,칠곡경북대학교병원,1305,C,13,1,21,43974022,8,8,13,2026-03-28T00:10:10.006373,6,36
2026-03-28 00:13:57,mediboard,인천광역시,0,0,A1300011,한국보훈복지의료공단대구보훈병원,1302,D,13,11,12,43973857,2,2,13,2026-03-28T00:10:10.006373,13,14
2026-03-28 00:13:57,mediboard,대구광역시,0,0,A1400008,(의)성세의료재단 뉴성민병원,1407,D,14,9,9,43973799,1,1,14,2026-03-28T00:10:10.006373,10,10
2026-03-28 00:13:57,mediboard,대구광역시,3,3,A1400015,가톨릭관동대학교국제성모병원,1407,C,14,18,23,43973911,4,5,14,2026-03-28T00:10:10.006373,25,31
2026-03-28 00:13:57,mediboard,대구광역시,0,0,A1400012,가톨릭대학교 인천성모병원,1406,C,14,6,12,43974024,13,19,14,2026-03-28T00:10:10.006373,19,31
2026-03-28 00:13:57,mediboard,대구광역시,0,0,A1400010,검단탑병원,1407,C,14,15,18,43973748,3,3,14,2026-03-28T00:10:10.006373,18,21
2026-03-28 00:13:57,mediboard,대구광역시,0,0,A1403617,비에스종합병원,1401,D,14,7,10,43973971,1,1,14,2026-03-28T00:10:10.006373,8,11
2026-03-28 00:13:57,mediboard,대구광역시,0,0,A1400013,안은의료재단 부평세림병원,1406,C,14,16,16,43973910,4,4,14,2026-03-28T00:10:10.006373,20,20
2026-03-28 00:13:57,mediboard,대구광역시,0,0,A1400005,온누리병원,1407,D,14,7,9,43974023,2,2,14,2026-03-28T00:10:10.006373,9,11
2026-03-28 00:13:57,mediboard,대구광역시,6,11,A1400001,의료법인 길의료재단 길병원,1404,A,14,14,25,43974073,7,7,14,2026-03-28T00:10:10.006373,25,41
2026-03-28 00:13:57,mediboard,대구광역시,0,0,A1400011,의료법인 나사렛의료재단 나사렛국제병원,1408,C,14,9,17,43973749,3,5,14,2026-03-28T00:10:10.006373,12,22
2026-03-28 00:13:57,mediboard,대구광역시,0,0,A1400003,의료법인 루가의료재단 나은병원,1407,C,14,7,11,43973798,10,10,14,2026-03-28T00:10:10.006373,17,21
2026-03-28 00:13:57,mediboard,대구광역시,0,0,A1400007,의료법인 성수의료재단 인천백병원,1405,D,14,5,5,43973909,1,1,14,2026-03-28T00:10:10.006373,6,6
2026-03-28 00:13:57,mediboard,대구광역시,0,0,A1400014,의료법인인성의료재단한림병원,1402,C,14,13,17,43974025,4,4,14,2026-03-28T00:10:10.006373,17,21
2026-03-28 00:13:57,mediboard,대구광역시,0,0,A1400017,인천광역시의료원,1405,D,14,12,15,43973801,2,2,14,2026-03-28T00:10:10.006373,14,17
2026-03-28 00:13:57,mediboard,대구광역시,0,0,A1400037,인천광역시의료원백령병원,1409,D,14,4,5,43973913,1,1,14,2026-03-28T00:10:10.006373,5,6
2026-03-28 00:13:57,mediboard,대구광역시,0,0,A1400009,인천기독병원,1410,D,14,8,8,43973800,1,1,14,2026-03-28T00:10:10.006373,9,9
2026-03-28 00:13:57,mediboard,대구광역시,0,0,A1400016,인천사랑병원,1403,C,14,11,14,43973969,7,7,14,2026-03-28T00:10:10.006373,18,21
2026-03-28 00:13:57,mediboard,대구광역시,0,0,A1403372,인천세종병원,1402,C,14,16,18,43973970,3,3,14,2026-03-28T00:10:10.006373,19,21
2026-03-28 00:13:57,mediboard,대구광역시,0,0,A1400018,인천적십자병원,1408,D,14,6,8,43973912,2,2,14,2026-03-28T00:10:10.006373,8,10
2026-03-28 00:13:57,mediboard,대구광역시,0,0,A1403871,인천힘찬종합병원,1404,D,14,13,17,43974026,3,6,14,2026-03-28T00:10:10.006373,16,23
2026-03-28 00:13:57,mediboard,대구광역시,5,9,A1400002,인하대학교의과대학부속병원,1410,A,14,2,20,43973859,6,9,14,2026-03-28T00:10:10.006373,11,36
2026-03-28 00:13:57,mediboard,대구광역시,0,0,A1400004,현대유비스병원,1403,D,14,15,18,43974074,1,1,14,2026-03-28T00:10:10.006373,16,19
2026-03-28 00:13:57,mediboard,광주광역시,7,7,A1500019,KS병원,1501,C,15,10,15,43974027,3,3,15,2026-03-28T00:10:10.006373,20,25
2026-03-28 00:13:57,mediboard,광주광역시,0,0,A1500021,광주기독병원,1502,C,15,16,20,43974028,3,6,15,2026-03-28T00:10:10.006373,19,26
2026-03-28 00:13:57,mediboard,광주광역시,0,0,A1500015,광주병원,1504,D,15,5,10,43973752,1,1,15,2026-03-28T00:10:10.006373,6,11
2026-03-28 00:13:57,mediboard,광주광역시,0,0,A1500004,광주보훈병원,1501,D,15,13,14,43973860,2,2,15,2026-03-28T00:10:10.006373,15,16
2026-03-28 00:13:57,mediboard,광주광역시,0,0,A1502007,광주센트럴병원,1501,D,15,9,10,43974078,1,1,15,2026-03-28T00:10:10.006373,10,11
2026-03-28 00:13:57,mediboard,광주광역시,0,0,A1500018,광주수완병원,1501,D,15,9,9,43973753,0,1,15,2026-03-28T00:10:10.006373,9,10
2026-03-28 00:13:57,mediboard,광주광역시,0,0,A1500009,광주씨티병원,1502,D,15,10,10,43973750,1,1,15,2026-03-28T00:10:10.006373,11,11
2026-03-28 00:13:57,mediboard,광주광역시,0,0,A1500005,광주일곡병원,1504,D,15,7,9,43974118,1,1,15,2026-03-28T00:10:10.006373,8,10
2026-03-28 00:13:57,mediboard,광주광역시,0,0,A1500016,광주한국병원,1505,D,15,13,15,43973974,1,1,15,2026-03-28T00:10:10.006373,14,16
2026-03-28 00:13:57,mediboard,광주광역시,0,0,A1500003,광주현대병원,1504,D,15,6,9,43973972,2,2,15,2026-03-28T00:10:10.006373,8,11
2026-03-28 00:13:57,mediboard,광주광역시,0,0,A1500007,광주희망병원,1504,D,15,7,9,43973802,1,1,15,2026-03-28T00:10:10.006373,8,10
2026-03-28 00:13:57,mediboard,광주광역시,0,0,A1500013,동아병원,1502,D,15,8,9,43973751,1,1,15,2026-03-28T00:10:10.006373,9,10
2026-03-28 00:13:57,mediboard,광주광역시,0,0,A1500014,미래로21병원,1505,D,15,7,9,43973973,1,1,15,2026-03-28T00:10:10.006373,8,10
2026-03-28 00:13:57,mediboard,광주광역시,0,0,A1500022,상무병원,1505,D,15,6,9,43974077,1,1,15,2026-03-28T00:10:10.006373,7,10
2026-03-28 00:13:57,mediboard,광주광역시,2,2,A1500020,서광병원,1505,C,15,18,18,43974121,3,3,15,2026-03-28T00:10:10.006373,23,23
2026-03-28 00:13:57,mediboard,광주광역시,0,0,A1500006,신가병원,1501,D,15,5,9,43974119,2,2,15,2026-03-28T00:10:10.006373,7,11
2026-03-28 00:13:57,mediboard,광주광역시,0,0,A1500010,운암한국병원,1504,D,15,9,9,43974076,1,1,15,2026-03-28T00:10:10.006373,10,10
2026-03-28 00:13:57,mediboard,광주광역시,2,4,A1500002,전남대학교병원,1503,A,15,12,28,43974075,5,7,15,2026-03-28T00:10:10.006373,19,39
2026-03-28 00:13:57,mediboard,광주광역시,4,4,A1500001,조선대학교병원,1503,A,15,11,23,43973914,5,5,15,2026-03-28T00:10:10.006373,20,32
2026-03-28 00:13:57,mediboard,광주광역시,0,0,A1500011,첨단종합병원,1501,C,15,21,22,43974120,3,3,15,2026-03-28T00:10:10.006373,24,25
2026-03-28 00:13:57,mediboard,광주광역시,0,0,A1500017,하남성심병원,1501,D,15,17,19,43973915,1,2,15,2026-03-28T00:10:10.006373,18,21
2026-03-28 00:13:57,mediboard,대전광역시,0,0,A1600004,대전보훈병원,1601,D,16,6,7,43973754,2,2,16,2026-03-28T00:10:10.006373,8,9
2026-03-28 00:13:57,mediboard,대전광역시,0,0,A1600003,대전한국병원,1602,D,16,8,9,43973916,1,1,16,2026-03-28T00:10:10.006373,9,10
2026-03-28 00:13:57,mediboard,대전광역시,0,0,A1602246,대청병원,1603,D,16,5,9,43974029,1,1,16,2026-03-28T00:10:10.006373,6,10
2026-03-28 00:13:57,mediboard,대전광역시,0,0,A1600008,의료법인영훈의료재단대전선병원,1605,C,16,12,12,43973917,9,9,16,2026-03-28T00:10:10.006373,21,21
2026-03-28 00:13:57,mediboard,대전광역시,0,0,A1600007,의료법인영훈의료재단유성선병원,1604,C,16,10,13,43973804,7,7,16,2026-03-28T00:10:10.006373,17,20
2026-03-28 00:13:57,mediboard,대전광역시,2,3,A1600001,충남대학교병원,1605,A,16,5,25,43973861,4,5,16,2026-03-28T00:10:10.006373,11,33
2026-03-28 00:13:57,mediboard,대전광역시,0,0,A1600005,학교법인가톨릭학원가톨릭대학교대전성모병원,1605,C,16,13,19,43974122,3,3,16,2026-03-28T00:10:10.006373,16,22
2026-03-28 00:13:57,mediboard,대전광역시,5,5,A1600006,학교법인건양교육재단건양대학교병원,1603,A,16,17,24,43973803,5,5,16,2026-03-28T00:10:10.006373,27,34
2026-03-28 00:13:57,mediboard,대전광역시,0,0,A1600002,학교법인을지학원대전을지대학교병원,1603,C,16,19,23,43974079,6,6,16,2026-03-28T00:10:10.006373,25,29
2026-03-28 00:13:57,mediboard,울산광역시,0,0,A1700001,서울산보람병원,1704,D,17,8,10,43973805,1,1,17,2026-03-28T00:10:10.006373,9,11
2026-03-28 00:13:57,mediboard,울산광역시,0,0,A1700003,울산병원,1701,C,17,13,19,43973975,3,3,17,2026-03-28T00:10:10.006373,16,22
2026-03-28 00:13:57,mediboard,울산광역시,0,0,A1700002,의료법인동강의료재단동강병원,1705,C,17,20,24,43974030,3,3,17,2026-03-28T00:10:10.006373,23,27
2026-03-28 00:13:57,mediboard,울산광역시,0,0,A1700025,의료법인송은의료재단울산시티병원,1703,C,17,12,17,43973976,3,3,17,2026-03-28T00:10:10.006373,15,20
2026-03-28 00:13:57,mediboard,울산광역시,0,0,A1700011,의료법인은성의료재단좋은삼정병원,1701,D,17,9,9,43974031,1,1,17,2026-03-28T00:10:10.006373,10,10
2026-03-28 00:13:57,mediboard,울산광역시,0,0,A1700028,의료법인정안의료재단중앙병원,1701,C,17,13,17,43973862,3,3,17,2026-03-28T00:10:10.006373,16,20
2026-03-28 00:13:57,mediboard,울산광역시,8,8,A1700004,학교법인울산공업학원울산대학교병원,1702,A,17,15,23,43973918,6,6,17,2026-03-28T00:10:10.006373,29,37
2026-03-28 00:13:57,mediboard,경기도,0,0,A2100019,(의)영문의료재단다보스병원,2136,C,21,7,13,43973758,7,7,21,2026-03-28T00:10:10.006373,14,20
2026-03-28 00:13:57,mediboard,경기도,0,0,A2100122,(의)효심의료재단용인서울병원,2136,D,21,8,10,43974130,0,0,21,2026-03-28T00:10:10.006373,8,10
2026-03-28 00:13:57,mediboard,경기도,0,0,A2100052,가톨릭대학교부천성모병원,2113,C,21,17,31,43973763,5,6,21,2026-03-28T00:10:10.006373,22,37
2026-03-28 00:13:57,mediboard,경기도,0,0,A2100012,가톨릭대학교성빈센트병원,2122,C,21,11,28,43973919,4,4,21,2026-03-28T00:10:10.006373,15,32
2026-03-28 00:13:57,mediboard,경기도,11,11,A2100040,가톨릭대학교의정부성모병원,2138,A,21,31,44,43973814,6,6,21,2026-03-28T00:10:10.006373,48,61
2026-03-28 00:13:57,mediboard,경기도,0,0,A2100029,강남병원,2134,C,21,14,17,43974033,3,3,21,2026-03-28T00:10:10.006373,17,20
2026-03-28 00:13:57,mediboard,경기도,0,0,A2100032,경기도의료원수원병원,2121,D,21,10,10,43973978,5,6,21,2026-03-28T00:10:10.006373,15,16
2026-03-28 00:13:57,mediboard,경기도,0,0,A2100045,경기도의료원안성병원,2126,D,21,14,14,43973979,1,5,21,2026-03-28T00:10:10.006373,15,19
2026-03-28 00:13:57,mediboard,경기도,0,0,A2100043,경기도의료원의정부병원,2138,D,21,9,10,43974127,1,1,21,2026-03-28T00:10:10.006373,10,11
2026-03-28 00:13:57,mediboard,경기도,0,0,A2100193,경기도의료원이천병원,2139,C,21,16,17,43973816,2,3,21,2026-03-28T00:10:10.006373,18,20
2026-03-28 00:13:57,mediboard,경기도,0,0,A2100035,경기도의료원파주병원,2140,C,21,14,17,43973761,3,3,21,2026-03-28T00:10:10.006373,17,20
2026-03-28 00:13:57,mediboard,경기도,0,0,A2100031,경기도의료원포천병원,2142,C,21,13,17,43973922,3,3,21,2026-03-28T00:10:10.006373,16,20
2026-03-28 00:13:57,mediboard,경기도,4,4,A2100003,고려대학교의과대학부속안산병원,2124,A,21,19,22,43973809,7,8,21,2026-03-28T00:10:10.006373,30,34
2026-03-28 00:13:57,mediboard,경기도,4,4,A2100007,광명성애병원,2106,C,21,7,11,43974081,3,5,21,2026-03-28T00:10:10.006373,14,20
2026-03-28 00:13:57,mediboard,경기도,0,0,A2100258,국군수도병원,2116,D,21,16,16,43974035,0,2,21,2026-03-28T00:10:10.006373,16,18
2026-03-28 00:13:57,mediboard,경기도,0,0,A2100049,국립암센터,2103,D,21,12,24,43973925,1,1,21,2026-03-28T00:10:10.006373,13,25
2026-03-28 00:13:57,mediboard,경기도,2,5,A2100033,국민건강보험공단일산병원,2103,A,21,18,23,43974125,4,5,21,2026-03-28T00:10:10.006373,24,33
2026-03-28 00:13:57,mediboard,경기도,0,0,A2100014,근로복지공단안산병원,2125,D,21,6,7,43973865,1,1,21,2026-03-28T00:10:10.006373,7,8
2026-03-28 00:13:57,mediboard,경기도,0,0,A2100041,남양주한양병원,2111,C,21,16,17,43974126,3,3,21,2026-03-28T00:10:10.006373,19,20
2026-03-28 00:13:57,mediboard,경기도,0,0,A2100017,대아의료재단한도병원,2124,C,21,17,17,43973866,3,3,21,2026-03-28T00:10:10.006373,20,20
2026-03-28 00:13:57,mediboard,경기도,2,3,A2100025,대진의료재단분당제생병원,2116,C,21,16,24,43974082,2,3,21,2026-03-28T00:10:10.006373,20,30
2026-03-28 00:13:57,mediboard,경기도,3,3,A2100047,동국대학교일산불교병원,2103,C,21,11,19,43973924,7,7,21,2026-03-28T00:10:10.006373,21,29
2026-03-28 00:13:57,mediboard,경기도,0,0,A2100131,메디인병원,2140,D,21,12,12,43974084,2,2,21,2026-03-28T00:10:10.006373,14,14
2026-03-28 00:13:57,mediboard,경기도,0,0,A2121142,메디필드한강병원,2136,D,21,17,17,43974089,3,3,21,2026-03-28T00:10:10.006373,20,20
2026-03-28 00:13:57,mediboard,경기도,0,0,A2100055,부천세종병원,2113,C,21,13,17,43973871,3,3,21,2026-03-28T00:10:10.006373,16,20
2026-03-28 00:13:57,mediboard,경기도,3,5,A2100001,분당서울대학교병원,2116,A,21,-11,30,43973808,5,5,21,2026-03-28T00:10:10.006373,-3,40
2026-03-28 00:13:57,mediboard,경기도,6,6,A2116806,성남시의료원,2117,C,21,14,17,43974088,6,6,21,2026-03-28T00:10:10.006373,26,29
2026-03-28 00:13:57,mediboard,경기도,0,0,A2100011,성남중앙병원,2118,D,21,9,9,43973757,1,1,21,2026-03-28T00:10:10.006373,10,10
2026-03-28 00:13:57,mediboard,경기도,0,0,A2100194,세종여주병원,2131,D,21,6,6,43973764,7,7,21,2026-03-28T00:10:10.006373,13,13
2026-03-28 00:13:57,mediboard,경기도,0,0,A2100016,순천의료재단성남정병원,2117,D,21,8,9,43973812,2,2,21,2026-03-28T00:10:10.006373,10,11
2026-03-28 00:13:57,mediboard,경기도,3,5,A2100005,순천향대학교부속부천병원,2113,A,21,10,17,43973756,5,5,21,2026-03-28T00:10:10.006373,18,27
2026-03-28 00:13:57,mediboard,경기도,7,14,A2100002,아주대학교병원,2120,A,21,16,32,43973863,6,13,21,2026-03-28T00:10:10.006373,27,54
2026-03-28 00:13:57,mediboard,경기도,0,0,A2100305,안성성모병원,2126,D,21,8,9,43974087,1,1,21,2026-03-28T00:10:10.006373,9,10
2026-03-28 00:13:57,mediboard,경기도,0,0,A2100089,양평병원,2130,D,21,9,9,43973981,1,1,21,2026-03-28T00:10:10.006373,10,10
2026-03-28 00:13:57,mediboard,경기도,0,0,A2118188,엘병원,2111,D,21,8,8,43973983,2,2,21,2026-03-28T00:10:10.006373,10,10
2026-03-28 00:13:57,mediboard,경기도,6,6,A2100020,연세대학교의과대학용인세브란스병원,2134,C,21,9,16,43974123,4,4,21,2026-03-28T00:10:10.006373,19,26
2026-03-28 00:13:57,mediboard,경기도,0,0,E2100187,연천군보건의료원,2132,D,21,10,10,43973786,0,0,21,2026-03-28T00:10:10.006373,10,10
2026-03-28 00:13:57,mediboard,경기도,0,0,A2100024,오산한국병원,2133,C,21,14,17,43974124,3,3,21,2026-03-28T00:10:10.006373,17,20
2026-03-28 00:13:57,mediboard,경기도,0,0,A2100048,원광대학교산본병원,2109,C,21,13,17,43973870,3,3,21,2026-03-28T00:10:10.006373,16,20
2026-03-28 00:13:57,mediboard,경기도,0,0,A2100036,의료법인 일심의료재단 포천우리병원,2142,D,21,18,18,43973869,4,4,21,2026-03-28T00:10:10.006373,22,22
2026-03-28 00:13:57,mediboard,경기도,0,0,A2100309,의료법인갈렌의료재단박병원,2141,D,21,9,10,43973927,1,1,21,2026-03-28T00:10:10.006373,10,11
2026-03-28 00:13:57,mediboard,경기도,4,5,A2100008,의료법인남촌의료재단시화병원,2123,C,21,13,16,43973810,6,6,21,2026-03-28T00:10:10.006373,23,27
2026-03-28 00:13:57,mediboard,경기도,0,0,A2100009,의료법인녹산의료재단동수원병원,2122,C,21,13,17,43973977,3,3,21,2026-03-28T00:10:10.006373,16,20
2026-03-28 00:13:57,mediboard,경기도,0,0,A2100050,의료법인대인의료재단다니엘종합병원,2113,D,21,2,6,43974128,4,4,21,2026-03-28T00:10:10.006373,6,10
2026-03-28 00:13:57,mediboard,경기도,0,3,A2121061,의료법인덕산의료재단수원덕산병원,2119,D,21,15,24,43974131,3,3,21,2026-03-28T00:10:10.006373,18,30
2026-03-28 00:13:57,mediboard,경기도,0,0,A2100013,의료법인록향의료재단신천연합병원,2123,D,21,9,10,43973864,1,1,21,2026-03-28T00:10:10.006373,10,11
2026-03-28 00:13:57,mediboard,경기도,0,0,A2117135,의료법인명인의료재단화홍병원,2119,C,21,9,15,43973873,5,5,21,2026-03-28T00:10:10.006373,14,20
2026-03-28 00:13:57,mediboard,경기도,3,3,A2100042,의료법인명지의료재단명지병원,2102,A,21,9,15,43974083,11,11,21,2026-03-28T00:10:10.006373,20,26
2026-03-28 00:13:57,mediboard,경기도,0,0,A2100022,의료법인박애의료재단박애병원,2141,D,21,10,10,43973867,1,1,21,2026-03-28T00:10:10.006373,11,11
2026-03-28 00:13:57,mediboard,경기도,0,0,A2100028,의료법인백송의료재단굿모닝병원,2141,C,21,11,19,43973868,8,9,21,2026-03-28T00:10:10.006373,19,28
2026-03-28 00:13:57,mediboard,경기도,0,0,A2100027,의료법인석경의료재단센트럴병원,2123,D,21,18,18,43973921,3,3,21,2026-03-28T00:10:10.006373,21,21
2026-03-28 00:13:57,mediboard,경기도,0,0,A2116972,의료법인성광의료재단일산차병원,2103,D,21,4,6,43973872,3,4,21,2026-03-28T00:10:10.006373,7,10
2026-03-28 00:13:57,mediboard,경기도,0,0,A2113246,의료법인양진의료재단평택성모병원,2141,C,21,13,17,43973928,3,3,21,2026-03-28T00:10:10.006373,16,20
2026-03-28 00:13:57,mediboard,경기도,0,0,A2100034,의료법인영동의료재단의정부백병원,2138,D,21,10,10,43973760,2,2,21,2026-03-28T00:10:10.006373,12,12
2026-03-28 00:13:57,mediboard,경기도,0,0,A2100053,의료법인우리의료재단김포우리병원,2110,C,21,13,22,43973980,6,7,21,2026-03-28T00:10:10.006373,19,29
2026-03-28 00:13:57,mediboard,경기도,0,0,A2115699,의료법인원광의료재단원광종합병원,2144,D,21,8,9,43973765,1,1,21,2026-03-28T00:10:10.006373,9,10
2026-03-28 00:13:57,mediboard,경기도,0,0,A2100018,의료법인은혜와감사의료재단화성중앙종합병원,2144,D,21,7,9,43974032,1,1,21,2026-03-28T00:10:10.006373,8,10
2026-03-28 00:13:57,mediboard,경기도,0,0,A2100006,의료법인인봉의료재단뉴고려병원,2110,C,21,14,14,43974080,6,6,21,2026-03-28T00:10:10.006373,20,20
2026-03-28 00:13:57,mediboard,경기도,0,0,A2100290,의료법인자인의료재단(더자인병원),2102,D,21,13,16,43973926,4,4,21,2026-03-28T00:10:10.006373,17,20
2026-03-28 00:13:57,mediboard,경기도,0,0,A2100124,의료법인칠석의료재단사랑의병원,2125,D,21,10,13,43973815,1,1,21,2026-03-28T00:10:10.006373,11,14
2026-03-28 00:13:57,mediboard,경기도,0,0,A2100175,의료법인토마스의료재단윌스기념병원,2122,D,21,14,18,43974086,3,3,21,2026-03-28T00:10:10.006373,17,21
2026-03-28 00:13:57,mediboard,경기도,0,0,A2100021,의료법인플러스의료재단단원병원,2124,D,21,15,17,43973920,3,3,21,2026-03-28T00:10:10.006373,18,20
2026-03-28 00:13:57,mediboard,경기도,0,0,A2100038,인제대학교일산백병원,2104,C,21,17,34,43974034,5,6,21,2026-03-28T00:10:10.006373,22,40
2026-03-28 00:13:57,mediboard,경기도,0,0,A2118788,중앙대학교광명병원,2106,C,21,16,20,43973766,1,3,21,2026-03-28T00:10:10.006373,17,23
2026-03-28 00:13:57,mediboard,경기도,9,13,A2100030,차의과학대학교분당차병원,2116,A,21,13,22,43973759,7,7,21,2026-03-28T00:10:10.006373,27,40
2026-03-28 00:13:57,mediboard,경기도,1,1,A2100155,참조은병원,2107,C,21,5,9,43974085,10,10,21,2026-03-28T00:10:10.006373,16,20
2026-03-28 00:13:57,mediboard,경기도,0,0,A2100150,추병원,2138,D,21,11,12,43973982,2,2,21,2026-03-28T00:10:10.006373,13,14
2026-03-28 00:13:57,mediboard,경기도,0,0,A2117994,학교법인을지학원의정부을지대학교병원,2138,C,21,18,22,43973874,7,7,21,2026-03-28T00:10:10.006373,25,29
2026-03-28 00:13:57,mediboard,경기도,9,9,A2100046,한림대학교동탄성심병원,2144,C,21,24,32,43973923,3,3,21,2026-03-28T00:10:10.006373,36,44
2026-03-28 00:13:57,mediboard,경기도,3,3,A2100004,한림대학교성심병원,2127,A,21,14,25,43973755,10,11,21,2026-03-28T00:10:10.006373,27,39
2026-03-28 00:13:57,mediboard,경기도,0,0,A2100039,한양대학교구리병원,2108,C,21,10,18,43973813,4,5,21,2026-03-28T00:10:10.006373,14,23
2026-03-28 00:13:57,mediboard,경기도,0,0,A2100037,현대병원,2111,C,21,14,17,43973762,3,3,21,2026-03-28T00:10:10.006373,17,20
2026-03-28 00:13:57,mediboard,경기도,0,0,A2100015,효산의료재단안양샘병원,2128,C,21,14,17,43973811,3,3,21,2026-03-28T00:10:10.006373,17,20
2026-03-28 00:13:57,mediboard,경기도,0,0,A2100054,효산의료재단지샘병원,2109,C,21,14,18,43974129,4,4,21,2026-03-28T00:10:10.006373,18,22
2026-03-28 00:13:57,mediboard,강원특별자치도,3,3,A2200008,강릉아산병원,2201,A,22,14,23,43973984,5,5,22,2026-03-28T00:10:10.006373,22,31
2026-03-28 00:13:57,mediboard,강원특별자치도,2,6,A2200009,강원대학교병원,2213,C,22,12,15,43974132,5,5,22,2026-03-28T00:10:10.006373,19,26
2026-03-28 00:13:57,mediboard,강원특별자치도,0,0,A2200011,강원특별자치도강릉의료원,2201,D,22,3,5,43973930,1,1,22,2026-03-28T00:10:10.006373,4,6
2026-03-28 00:13:57,mediboard,강원특별자치도,2,2,A2200007,강원특별자치도삼척의료원,2204,C,22,14,15,43973767,3,5,22,2026-03-28T00:10:10.006373,19,22
2026-03-28 00:13:57,mediboard,강원특별자치도,0,0,A2200012,강원특별자치도속초의료원,2205,C,22,17,17,43974133,3,3,22,2026-03-28T00:10:10.006373,20,20
2026-03-28 00:13:57,mediboard,강원특별자치도,0,0,A2200002,강원특별자치도영월의료원,2208,D,22,9,9,43973817,1,1,22,2026-03-28T00:10:10.006373,10,10
2026-03-28 00:13:57,mediboard,강원특별자치도,0,0,A2200015,강원특별자치도원주의료원,2209,D,22,6,8,43973932,2,2,22,2026-03-28T00:10:10.006373,8,10
2026-03-28 00:13:57,mediboard,강원특별자치도,0,0,A2200048,근로복지공단정선병원,2211,D,22,5,5,43973876,1,1,22,2026-03-28T00:10:10.006373,6,6
2026-03-28 00:13:57,mediboard,강원특별자치도,0,0,A2200004,근로복지공단태백병원,2214,D,22,7,9,43973875,1,1,22,2026-03-28T00:10:10.006373,8,10
2026-03-28 00:13:57,mediboard,강원특별자치도,2,3,A2200001,연세대학교원주세브란스기독병원,2209,A,22,27,31,43973929,5,5,22,2026-03-28T00:10:10.006373,34,39
2026-03-28 00:13:57,mediboard,강원특별자치도,0,0,A2200005,의료법인강릉동인병원,2201,C,22,14,17,43974037,3,3,22,2026-03-28T00:10:10.006373,17,20
2026-03-28 00:13:57,mediboard,강원특별자치도,0,0,A2200003,의료법인동해동인병원,2203,D,22,9,10,43974036,1,1,22,2026-03-28T00:10:10.006373,10,11
2026-03-28 00:13:57,mediboard,강원특별자치도,0,0,A2200037,의료법인성심의료재단양구성심병원,2206,D,22,5,5,43974134,1,1,22,2026-03-28T00:10:10.006373,6,6
2026-03-28 00:13:57,mediboard,강원특별자치도,0,0,A2200024,의료법인성지의료재단성지병원,2209,D,22,3,7,43973986,1,1,22,2026-03-28T00:10:10.006373,4,8
2026-03-28 00:13:57,mediboard,강원특별자치도,0,0,A2200046,의료법인온세움의료재단온재병원,2205,D,22,8,9,43974135,1,1,22,2026-03-28T00:10:10.006373,9,10
2026-03-28 00:13:57,mediboard,강원특별자치도,0,0,A2201730,철원병원,2212,D,22,3,5,43973818,1,1,22,2026-03-28T00:10:10.006373,4,6
2026-03-28 00:13:57,mediboard,강원특별자치도,0,0,E2200026,평창군보건의료원,2215,D,22,6,6,43973896,1,1,22,2026-03-28T00:10:10.006373,7,7
2026-03-28 00:13:57,mediboard,강원특별자치도,2,3,A2200013,한림대학교춘천성심병원,2213,A,22,16,22,43973768,5,5,22,2026-03-28T00:10:10.006373,23,30
2026-03-28 00:13:57,mediboard,강원특별자치도,0,0,A2200014,홍천아산병원,2216,D,22,7,10,43973931,0,0,22,2026-03-28T00:10:10.006373,7,10
2026-03-28 00:13:57,mediboard,강원특별자치도,0,0,E2200025,화천군보건의료원,2217,D,22,7,7,43974009,1,1,22,2026-03-28T00:10:10.006373,8,8
2026-03-28 00:13:57,mediboard,강원특별자치도,0,0,A2200016,횡성대성병원,2218,D,22,9,9,43973985,1,1,22,2026-03-28T00:10:10.006373,10,10
2026-03-28 00:13:57,mediboard,충청북도,0,0,A2300010,건국대학교충주병원,2314,C,23,20,20,43974136,3,3,23,2026-03-28T00:10:10.006373,23,23
2026-03-28 00:13:57,mediboard,충청북도,0,0,E2300011,단양군보건의료원,2302,D,23,6,6,43973843,1,2,23,2026-03-28T00:10:10.006373,7,8
2026-03-28 00:13:57,mediboard,충청북도,0,0,A2300013,의료법인건명의료재단중앙제일병원,2309,C,23,15,17,43973771,2,5,23,2026-03-28T00:10:10.006373,17,22
2026-03-28 00:13:57,mediboard,충청북도,0,0,A2300034,의료법인대광의료재단괴산성모병원,2301,D,23,9,9,43973935,0,1,23,2026-03-28T00:10:10.006373,9,10
2026-03-28 00:13:57,mediboard,충청북도,3,3,A2300009,의료법인명지의료재단명지병원,2307,C,23,17,18,43973934,6,6,23,2026-03-28T00:10:10.006373,26,27
2026-03-28 00:13:57,mediboard,충청북도,0,0,A2300007,의료법인인화재단한국병원,2310,C,23,10,14,43973933,6,6,23,2026-03-28T00:10:10.006373,16,20
2026-03-28 00:13:57,mediboard,충청북도,0,0,A2300005,의료법인자산의료재단제천서울병원,2307,C,23,9,15,43973821,5,5,23,2026-03-28T00:10:10.006373,14,20
2026-03-28 00:13:57,mediboard,충청북도,0,0,A2300017,의료법인정민의료재단보은한양병원,2303,D,23,0,7,43973822,0,1,23,2026-03-28T00:10:10.006373,0,8
2026-03-28 00:13:57,mediboard,충청북도,0,0,A2300003,의료법인정산의료재단효성병원,2310,C,23,13,18,43973820,4,5,23,2026-03-28T00:10:10.006373,17,23
2026-03-28 00:13:57,mediboard,충청북도,0,0,A2300030,의료법인조윤의료재단영동병원,2304,D,23,9,10,43974038,0,0,23,2026-03-28T00:10:10.006373,9,10
2026-03-28 00:13:57,mediboard,충청북도,0,0,A2300002,의료법인한마음의료재단하나병원,2313,C,23,18,23,43973769,3,12,23,2026-03-28T00:10:10.006373,21,35
2026-03-28 00:13:57,mediboard,충청북도,0,0,A2300011,의료법인힐링의료재단옥천성모병원,2305,D,23,6,7,43974090,3,3,23,2026-03-28T00:10:10.006373,9,10
2026-03-28 00:13:57,mediboard,충청북도,0,0,A2300008,청주성모병원,2312,C,23,9,15,43973770,7,10,23,2026-03-28T00:10:10.006373,16,25
2026-03-28 00:13:57,mediboard,충청북도,7,8,A2300001,충북대학교병원,2311,A,23,26,32,43973819,5,5,23,2026-03-28T00:10:10.006373,38,45
2026-03-28 00:13:57,mediboard,충청북도,0,0,A2300006,충청북도청주의료원,2311,D,23,12,12,43973878,4,4,23,2026-03-28T00:10:10.006373,16,16
2026-03-28 00:13:57,mediboard,충청북도,0,0,A2300004,충청북도충주의료원,2314,D,23,18,18,43973877,3,3,23,2026-03-28T00:10:10.006373,21,21
2026-03-28 00:13:57,mediboard,충청남도,3,4,A2400002,단국대학교의과대학부속병원,2412,A,24,21,27,43973824,5,5,24,2026-03-28T00:10:10.006373,29,36
2026-03-28 00:13:57,mediboard,충청남도,0,0,A2400008,당진종합병원,2405,C,24,15,17,43973825,3,3,24,2026-03-28T00:10:10.006373,18,20
2026-03-28 00:13:57,mediboard,충청남도,0,4,A2400003,서산중앙병원,2408,C,24,16,17,43973772,3,3,24,2026-03-28T00:10:10.006373,19,24
2026-03-28 00:13:57,mediboard,충청남도,0,0,A2402257,아산충무병원,2410,C,24,11,13,43974137,8,8,24,2026-03-28T00:10:10.006373,19,21
2026-03-28 00:13:57,mediboard,충청남도,0,0,A2400044,의료법인 서해병원,2409,D,24,5,5,43973826,2,2,24,2026-03-28T00:10:10.006373,7,7
2026-03-28 00:13:57,mediboard,충청남도,0,0,A2400009,의료법인백제병원,2404,C,24,18,20,43973774,3,3,24,2026-03-28T00:10:10.006373,21,23
2026-03-28 00:13:57,mediboard,충청남도,0,0,A2400012,의료법인영서의료재단천안충무병원,2413,C,24,5,16,43973936,4,5,24,2026-03-28T00:10:10.006373,9,21
2026-03-28 00:13:57,mediboard,충청남도,0,0,A2400004,의료법인예당의료재단예산종합병원,2411,D,24,6,6,43974091,1,1,24,2026-03-28T00:10:10.006373,7,7
2026-03-28 00:13:57,mediboard,충청남도,0,0,A2400011,재단법인아산사회복지재단보령아산병원,2406,C,24,14,17,43973879,3,3,24,2026-03-28T00:10:10.006373,17,20
2026-03-28 00:13:57,mediboard,충청남도,0,0,E2400032,청양군보건의료원,2414,D,24,6,6,43973953,1,1,24,2026-03-28T00:10:10.006373,7,7
2026-03-28 00:13:57,mediboard,충청남도,0,0,A2400010,충청남도공주의료원,2402,D,24,13,15,43973775,1,1,24,2026-03-28T00:10:10.006373,14,16
2026-03-28 00:13:57,mediboard,충청남도,0,0,A2400006,충청남도서산의료원,2408,C,24,13,17,43973773,3,3,24,2026-03-28T00:10:10.006373,16,20
2026-03-28 00:13:57,mediboard,충청남도,0,0,A2400005,충청남도천안의료원,2412,D,24,8,12,43974039,1,2,24,2026-03-28T00:10:10.006373,9,14
2026-03-28 00:13:57,mediboard,충청남도,1,1,A2400007,충청남도홍성의료원,2416,C,24,16,18,43974092,3,3,24,2026-03-28T00:10:10.006373,20,22
2026-03-28 00:13:57,mediboard,충청남도,0,0,E2400033,태안군보건의료원,2415,D,24,10,10,43973787,1,1,24,2026-03-28T00:10:10.006373,11,11
2026-03-28 00:13:57,mediboard,충청남도,0,0,A2400038,학교법인건양교육재단건양대학교부여병원,2407,D,24,9,9,43973937,1,1,24,2026-03-28T00:10:10.006373,10,10
2026-03-28 00:13:57,mediboard,충청남도,14,18,A2400001,학교법인동은학원순천향대학교부속천안병원,2412,A,24,14,22,43973823,11,11,24,2026-03-28T00:10:10.006373,35,47
2026-03-28 00:13:57,mediboard,충청남도,0,0,A2400039,현대병원,2410,D,24,10,10,43974040,1,1,24,2026-03-28T00:10:10.006373,11,11
2026-03-28 00:13:57,mediboard,전북특별자치도,0,0,A2500038,김제우석병원,2503,D,25,10,10,43973776,1,1,25,2026-03-28T00:10:10.006373,11,11
2026-03-28 00:13:57,mediboard,전북특별자치도,0,0,A2500056,대자인병원,2512,C,25,16,33,43973939,3,3,25,2026-03-28T00:10:10.006373,19,36
2026-03-28 00:13:57,mediboard,전북특별자치도,0,0,E2500019,무주군보건의료원,2505,D,25,4,4,43974107,1,1,25,2026-03-28T00:10:10.006373,5,5
2026-03-28 00:13:57,mediboard,전북특별자치도,0,0,A2500010,부안성모병원,2506,D,25,9,10,43974042,2,2,25,2026-03-28T00:10:10.006373,11,12
2026-03-28 00:13:57,mediboard,전북특별자치도,3,3,A2502742,새강병원,2513,D,25,13,14,43974140,3,3,25,2026-03-28T00:10:10.006373,19,20
2026-03-28 00:13:57,mediboard,전북특별자치도,0,0,E2500021,순창군보건의료원,2507,D,25,9,9,43973844,1,1,25,2026-03-28T00:10:10.006373,10,10
2026-03-28 00:13:57,mediboard,전북특별자치도,3,3,A2500001,원광대학교병원,2509,A,25,16,28,43974138,5,5,25,2026-03-28T00:10:10.006373,24,36
2026-03-28 00:13:57,mediboard,전북특별자치도,0,0,A2500011,의료법인대산의료재단익산병원,2509,C,25,13,17,43973938,3,3,25,2026-03-28T00:10:10.006373,16,20
2026-03-28 00:13:57,mediboard,전북특별자치도,0,0,A2500009,의료법인석천재단고창병원,2501,D,25,9,10,43974093,1,1,25,2026-03-28T00:10:10.006373,10,11
2026-03-28 00:13:57,mediboard,전북특별자치도,0,0,A2500005,의료법인영경의료재단전주병원,2513,C,25,1,17,43973988,3,3,25,2026-03-28T00:10:10.006373,4,20
2026-03-28 00:13:57,mediboard,전북특별자치도,0,0,A2501890,의료법인영경의료재단호성전주병원,2512,D,25,9,9,43973880,1,1,25,2026-03-28T00:10:10.006373,10,10
2026-03-28 00:13:57,mediboard,전북특별자치도,0,0,A2500012,의료법인오성의료재단동군산병원,2502,C,25,12,17,43974139,6,6,25,2026-03-28T00:10:10.006373,18,23
2026-03-28 00:13:57,mediboard,전북특별자치도,0,0,E2500022,임실군보건의료원,2510,D,25,4,4,43974108,1,1,25,2026-03-28T00:10:10.006373,5,5
2026-03-28 00:13:57,mediboard,전북특별자치도,0,0,E2500020,장수군보건의료원,2511,D,25,5,5,43973954,1,1,25,2026-03-28T00:10:10.006373,6,6
2026-03-28 00:13:57,mediboard,전북특별자치도,0,0,A2500008,재단법인 아산사회복지재단 정읍아산병원,2514,C,25,14,17,43973828,3,3,25,2026-03-28T00:10:10.006373,17,20
2026-03-28 00:13:57,mediboard,전북특별자치도,6,12,A2500006,재단법인예수병원유지재단예수병원,2513,C,25,25,38,43973827,5,5,25,2026-03-28T00:10:10.006373,34,53
2026-03-28 00:13:57,mediboard,전북특별자치도,1,5,A2500002,전북대학교병원,2512,A,25,21,36,43974041,7,7,25,2026-03-28T00:10:10.006373,29,48
2026-03-28 00:13:57,mediboard,전북특별자치도,0,0,A2500007,전북특별자치도군산의료원,2502,C,25,13,17,43973989,3,3,25,2026-03-28T00:10:10.006373,16,20
2026-03-28 00:13:57,mediboard,전북특별자치도,0,0,A2500004,전북특별자치도남원의료원,2504,C,25,16,17,43973987,3,3,25,2026-03-28T00:10:10.006373,19,20
2026-03-28 00:13:57,mediboard,전북특별자치도,0,0,A2502031,진안군의료원,2515,D,25,6,6,43974043,2,2,25,2026-03-28T00:10:10.006373,8,8
2026-03-28 00:13:57,mediboard,전라남도,0,0,A2600029,곡성사랑병원,2603,D,26,5,5,43974045,1,1,26,2026-03-28T00:10:10.006373,6,6
2026-03-28 00:13:57,mediboard,전라남도,0,0,A2600006,광양사랑병원,2604,D,26,9,9,43973778,1,1,26,2026-03-28T00:10:10.006373,10,10
2026-03-28 00:13:57,mediboard,전라남도,0,0,A2600061,구례병원,2605,D,26,10,10,43974096,0,0,26,2026-03-28T00:10:10.006373,10,10
2026-03-28 00:13:57,mediboard,전라남도,0,0,A2600016,나주종합병원,2606,D,26,9,10,43973991,0,0,26,2026-03-28T00:10:10.006373,9,10
2026-03-28 00:13:57,mediboard,전라남도,0,0,A2600054,담양사랑병원,2607,D,26,6,6,43973995,2,2,26,2026-03-28T00:10:10.006373,8,8
2026-03-28 00:13:57,mediboard,전라남도,0,0,A2600003,대송의료재단무안병원,2609,D,26,3,4,43974094,1,1,26,2026-03-28T00:10:10.006373,4,5
2026-03-28 00:13:57,mediboard,전라남도,0,0,A2600020,목포기독병원,2608,D,26,16,17,43973830,3,3,26,2026-03-28T00:10:10.006373,19,20
2026-03-28 00:13:57,mediboard,전라남도,0,0,A2600022,목포시의료원,2608,D,26,9,9,43974144,1,1,26,2026-03-28T00:10:10.006373,10,10
2026-03-28 00:13:57,mediboard,전라남도,3,3,A2600011,목포한국병원,2608,A,26,12,18,43973940,5,5,26,2026-03-28T00:10:10.006373,20,26
2026-03-28 00:13:57,mediboard,전라남도,0,0,A2600052,보성아산병원,2610,D,26,8,8,43974148,1,1,26,2026-03-28T00:10:10.006373,9,9
2026-03-28 00:13:57,mediboard,전라남도,0,0,A2602211,빛가람종합병원,2606,D,26,5,9,43973884,1,1,26,2026-03-28T00:10:10.006373,6,10
2026-03-28 00:13:57,mediboard,전라남도,4,4,A2600019,성가롤로병원,2611,A,26,12,18,43973992,5,5,26,2026-03-28T00:10:10.006373,21,27
2026-03-28 00:13:57,mediboard,전라남도,0,0,A2600008,순천제일병원,2611,D,26,6,9,43974044,1,1,26,2026-03-28T00:10:10.006373,7,10
2026-03-28 00:13:57,mediboard,전라남도,0,0,A2600004,순천중앙병원,2611,D,26,5,5,43973990,1,1,26,2026-03-28T00:10:10.006373,6,6
2026-03-28 00:13:57,mediboard,전라남도,0,0,A2600010,여수전남병원,2613,D,26,9,10,43974142,1,1,26,2026-03-28T00:10:10.006373,10,11
2026-03-28 00:13:57,mediboard,전라남도,0,0,A2600014,여천전남병원,2613,C,26,17,17,43973829,3,3,26,2026-03-28T00:10:10.006373,20,20
2026-03-28 00:13:57,mediboard,전라남도,0,0,A2600015,영광종합병원,2614,D,26,10,10,43974095,3,3,26,2026-03-28T00:10:10.006373,13,13
2026-03-28 00:13:57,mediboard,전라남도,0,0,A2600070,영암한국병원,2615,D,26,7,8,43974097,0,1,26,2026-03-28T00:10:10.006373,7,9
2026-03-28 00:13:57,mediboard,전라남도,0,0,A2600032,완도대성병원,2616,D,26,5,5,43973942,1,1,26,2026-03-28T00:10:10.006373,6,6
2026-03-28 00:13:57,mediboard,전라남도,0,0,A2600034,의료법인 거명의료재단 영광기독병원,2614,D,26,9,10,43973994,1,1,26,2026-03-28T00:10:10.006373,10,11
2026-03-28 00:13:57,mediboard,전라남도,0,0,A2600017,의료법인목포구암의료재단목포중앙병원,2608,C,26,16,16,43973882,4,4,26,2026-03-28T00:10:10.006373,20,20
2026-03-28 00:13:57,mediboard,전라남도,0,0,A2600066,의료법인삼호의료재단벌교삼호병원,2610,D,26,6,6,43973832,1,1,26,2026-03-28T00:10:10.006373,7,7
2026-03-28 00:13:57,mediboard,전라남도,0,0,A2600051,의료법인신안대우병원,2612,D,26,4,4,43974147,1,1,26,2026-03-28T00:10:10.006373,5,5
2026-03-28 00:13:57,mediboard,전라남도,0,0,A2600018,의료법인영성의료재단고흥종합병원,2602,D,26,8,10,43973941,0,0,26,2026-03-28T00:10:10.006373,8,10
2026-03-28 00:13:57,mediboard,전라남도,0,0,A2600021,의료법인우범의료재단장흥종합병원,2618,D,26,9,9,43974143,1,1,26,2026-03-28T00:10:10.006373,10,10
2026-03-28 00:13:57,mediboard,전라남도,0,0,A2600068,의료법인장호의료재단녹동현대병원,2602,D,26,0,3,43973996,2,2,26,2026-03-28T00:10:10.006373,2,5
2026-03-28 00:13:57,mediboard,전라남도,0,0,A2600005,의료법인한국의료재단한국병원,2611,D,26,11,11,43973777,1,1,26,2026-03-28T00:10:10.006373,12,12
2026-03-28 00:13:57,mediboard,전라남도,0,0,A2600027,의료법인한마음의료재단여수제일병원,2613,D,26,6,9,43973993,1,1,26,2026-03-28T00:10:10.006373,7,10
2026-03-28 00:13:57,mediboard,전라남도,0,0,A2600007,의료법인해민의료재단 세안종합병원,2608,D,26,7,7,43973779,2,2,26,2026-03-28T00:10:10.006373,9,9
2026-03-28 00:13:57,mediboard,전라남도,0,0,A2600035,의료법인행복나눔의료재단장성병원,2617,D,26,4,4,43973883,1,1,26,2026-03-28T00:10:10.006373,5,5
2026-03-28 00:13:57,mediboard,전라남도,0,0,A2600009,의료법인행촌의료재단해남종합병원,2621,D,26,9,10,43974141,1,1,26,2026-03-28T00:10:10.006373,10,11
2026-03-28 00:13:57,mediboard,전라남도,0,0,A2600024,의료법인현경의료재단광양서울병원,2604,D,26,7,9,43974145,1,1,26,2026-03-28T00:10:10.006373,8,10
2026-03-28 00:13:57,mediboard,전라남도,0,0,A2600037,장흥우리병원,2618,D,26,4,4,43973831,1,1,26,2026-03-28T00:10:10.006373,5,5
2026-03-28 00:13:57,mediboard,전라남도,0,0,A2600050,전라남도강진의료원,2601,D,26,10,10,43974046,2,2,26,2026-03-28T00:10:10.006373,12,12
2026-03-28 00:13:57,mediboard,전라남도,0,0,A2600056,전라남도순천의료원,2611,D,26,7,7,43974149,1,1,26,2026-03-28T00:10:10.006373,8,8
2026-03-28 00:13:57,mediboard,전라남도,0,0,A2600040,진도한국병원,2619,D,26,4,4,43974146,1,1,26,2026-03-28T00:10:10.006373,5,5
2026-03-28 00:13:57,mediboard,전라남도,0,0,A2600077,해남우리종합병원,2621,D,26,14,15,43973833,4,4,26,2026-03-28T00:10:10.006373,18,19
2026-03-28 00:13:57,mediboard,전라남도,1,1,A2600001,화순전남대학교병원,2622,C,26,15,16,43973881,6,7,26,2026-03-28T00:10:10.006373,22,24
2026-03-28 00:13:57,mediboard,경상북도,0,0,A2700018,경상북도김천의료원,2706,D,27,15,17,43974002,1,1,27,2026-03-28T00:10:10.006373,16,18
2026-03-28 00:13:57,mediboard,경상북도,0,0,A2700001,경상북도안동의료원,2711,D,27,6,6,43973780,2,2,27,2026-03-28T00:10:10.006373,8,8
2026-03-28 00:13:57,mediboard,경상북도,0,0,A2700005,경상북도포항의료원,2724,D,27,8,8,43973997,2,2,27,2026-03-28T00:10:10.006373,10,10
2026-03-28 00:13:57,mediboard,경상북도,0,0,A2700097,계명대학교경주동산병원,2702,D,27,9,9,43974047,1,1,27,2026-03-28T00:10:10.006373,10,10
2026-03-28 00:13:57,mediboard,경상북도,0,0,A2700015,구미강동병원,2704,D,27,5,7,43974001,2,3,27,2026-03-28T00:10:10.006373,7,10
2026-03-28 00:13:57,mediboard,경상북도,3,3,A2700003,동국대학교의과대학경주병원,2702,C,27,11,16,43974098,7,7,27,2026-03-28T00:10:10.006373,21,26
2026-03-28 00:13:57,mediboard,경상북도,0,0,A2700011,상주적십자병원,2709,D,27,9,9,43974150,1,1,27,2026-03-28T00:10:10.006373,10,10
2026-03-28 00:13:57,mediboard,경상북도,1,4,A2700013,순천향대학교부속구미병원,2704,C,27,11,13,43973887,2,3,27,2026-03-28T00:10:10.006373,14,20
2026-03-28 00:13:57,mediboard,경상북도,0,0,A2700004,안동성소병원,2711,C,27,9,12,43973781,8,8,27,2026-03-28T00:10:10.006373,17,20
2026-03-28 00:13:57,mediboard,경상북도,0,0,A2700008,에스포항병원,2723,D,27,4,6,43973999,1,1,27,2026-03-28T00:10:10.006373,5,7
2026-03-28 00:13:57,mediboard,경상북도,0,0,A2700017,영남대학교의과대학부속영천병원,2715,D,27,7,10,43973944,1,3,27,2026-03-28T00:10:10.006373,8,13
2026-03-28 00:13:57,mediboard,경상북도,0,0,A2700031,영주기독병원,2714,D,27,4,4,43973835,1,1,27,2026-03-28T00:10:10.006373,5,5
2026-03-28 00:13:57,mediboard,경상북도,0,0,A2700020,영주자인병원,2714,D,27,4,4,43973945,1,1,27,2026-03-28T00:10:10.006373,5,5
2026-03-28 00:13:57,mediboard,경상북도,0,0,A2702752,영주적십자병원,2714,D,27,9,10,43973889,1,1,27,2026-03-28T00:10:10.006373,10,11
2026-03-28 00:13:57,mediboard,경상북도,0,0,E2700553,울릉군보건의료원,2717,D,27,5,5,43973788,0,0,27,2026-03-28T00:10:10.006373,5,5
2026-03-28 00:13:57,mediboard,경상북도,0,0,A2700052,울진군의료원,2718,D,27,7,8,43973837,2,2,27,2026-03-28T00:10:10.006373,9,10
2026-03-28 00:13:57,mediboard,경상북도,0,0,A2700019,의)근원의료재단경산중앙병원,2701,D,27,9,10,43973834,2,2,27,2026-03-28T00:10:10.006373,11,12
2026-03-28 00:13:57,mediboard,경상북도,0,0,A2700038,의료법인대남의료재단청도대남병원,2720,D,27,10,10,43974151,0,0,27,2026-03-28T00:10:10.006373,10,10
2026-03-28 00:13:57,mediboard,경상북도,0,0,A2700012,의료법인덕산의료재단김천제일병원,2706,C,27,9,16,43974000,4,4,27,2026-03-28T00:10:10.006373,13,20
2026-03-28 00:13:57,mediboard,경상북도,0,0,A2700006,의료법인동춘의료재단문경제일병원,2707,C,27,13,17,43973998,1,3,27,2026-03-28T00:10:10.006373,14,20
2026-03-28 00:13:57,mediboard,경상북도,0,0,A2700009,의료법인삼백의료재단상주성모병원,2709,D,27,9,9,43974099,1,1,27,2026-03-28T00:10:10.006373,10,10
2026-03-28 00:13:57,mediboard,경상북도,0,0,A2700036,의료법인서명의료재단세명종합병원,2701,D,27,9,13,43973836,2,2,27,2026-03-28T00:10:10.006373,11,15
2026-03-28 00:13:57,mediboard,경상북도,0,0,A2700023,의료법인서준의료재단예천권병원,2716,D,27,6,6,43973888,1,1,27,2026-03-28T00:10:10.006373,7,7
2026-03-28 00:13:57,mediboard,경상북도,2,3,A2700014,의료법인안동병원,2711,A,27,12,17,43973782,5,5,27,2026-03-28T00:10:10.006373,19,25
2026-03-28 00:13:57,mediboard,경상북도,0,0,A2700070,의료법인영암의료재단고령영생병원,2703,D,27,5,5,43973947,1,1,27,2026-03-28T00:10:10.006373,6,6
2026-03-28 00:13:57,mediboard,경상북도,0,0,A2700063,의료법인영제의료재단영남제일병원,2719,D,27,4,5,43973946,1,1,27,2026-03-28T00:10:10.006373,5,6
2026-03-28 00:13:57,mediboard,경상북도,0,0,A2702563,의료법인은성의료재단좋은선린병원,2724,D,27,9,10,43973948,2,2,27,2026-03-28T00:10:10.006373,11,12
2026-03-28 00:13:57,mediboard,경상북도,5,5,A2700007,차의과학대학교부속구미차병원,2704,A,27,12,20,43973886,6,12,27,2026-03-28T00:10:10.006373,23,37
2026-03-28 00:13:57,mediboard,경상북도,0,0,E2700554,청송군보건의료원,2721,D,27,5,5,43974010,1,1,27,2026-03-28T00:10:10.006373,6,6
2026-03-28 00:13:57,mediboard,경상북도,11,11,A2700016,포항성모병원,2723,A,27,8,20,43973943,5,15,27,2026-03-28T00:10:10.006373,24,46
2026-03-28 00:13:57,mediboard,경상북도,0,0,A2700002,포항세명기독병원,2723,C,27,1,15,43973885,7,10,27,2026-03-28T00:10:10.006373,8,25
2026-03-28 00:13:57,mediboard,경상남도,0,0,A2800032,강병원,2803,D,28,9,9,43974050,1,1,28,2026-03-28T00:10:10.006373,10,10
2026-03-28 00:13:57,mediboard,경상남도,0,0,A2803677,강일병원,2804,D,28,7,8,43973894,3,3,28,2026-03-28T00:10:10.006373,10,11
2026-03-28 00:13:57,mediboard,경상남도,0,0,A2800076,거창적십자병원,2802,D,28,8,9,43974053,1,1,28,2026-03-28T00:10:10.006373,9,10
2026-03-28 00:13:57,mediboard,경상남도,3,3,A2800001,경상국립대학교병원,2811,A,28,26,36,43974100,5,5,28,2026-03-28T00:10:10.006373,34,44
2026-03-28 00:13:57,mediboard,경상남도,0,0,A2800025,경상남도마산의료원,2813,D,28,12,13,43973892,2,2,28,2026-03-28T00:10:10.006373,14,15
2026-03-28 00:13:57,mediboard,경상남도,0,0,A2800113,밀양병원,2806,D,28,3,8,43974105,1,1,28,2026-03-28T00:10:10.006373,4,9
2026-03-28 00:13:57,mediboard,경상남도,0,0,A2800084,반도병원,2811,D,28,7,7,43974007,1,1,28,2026-03-28T00:10:10.006373,8,8
2026-03-28 00:13:57,mediboard,경상남도,0,0,A2800019,베데스다복음병원,2809,D,28,9,9,43974102,1,1,28,2026-03-28T00:10:10.006373,10,10
2026-03-28 00:13:57,mediboard,경상남도,0,0,E2800380,산청군보건의료원,2808,D,28,5,5,43973897,1,1,28,2026-03-28T00:10:10.006373,6,6
2026-03-28 00:13:57,mediboard,경상남도,0,0,A2800055,삼성합천병원,2822,D,28,4,4,43974051,1,1,28,2026-03-28T00:10:10.006373,5,5
2026-03-28 00:13:57,mediboard,경상남도,0,0,A2800101,삼천포제일병원,2807,D,28,8,8,43973893,2,2,28,2026-03-28T00:10:10.006373,10,10
2026-03-28 00:13:57,mediboard,경상남도,0,0,A2800092,새통영병원,2818,D,28,7,9,43973840,1,1,28,2026-03-28T00:10:10.006373,8,10
2026-03-28 00:13:57,mediboard,경상남도,4,10,A2800011,양산부산대학교병원,2809,A,28,13,23,43973949,7,8,28,2026-03-28T00:10:10.006373,22,39
2026-03-28 00:13:57,mediboard,경상남도,0,0,A2800021,연세에스병원,2817,D,28,7,9,43973839,1,1,28,2026-03-28T00:10:10.006373,8,10
2026-03-28 00:13:57,mediboard,경상남도,0,0,A2800090,의령병원,2810,D,28,4,4,43973951,1,1,28,2026-03-28T00:10:10.006373,5,5
2026-03-28 00:13:57,mediboard,경상남도,0,0,A2800008,의료법인 거붕 백병원,2801,D,28,6,9,43974004,1,1,28,2026-03-28T00:10:10.006373,7,10
2026-03-28 00:13:57,mediboard,경상남도,0,0,A2800005,의료법인 대우의료재단대우병원,2801,D,28,8,9,43973783,1,1,28,2026-03-28T00:10:10.006373,9,10
2026-03-28 00:13:57,mediboard,경상남도,0,0,A2800015,의료법인 문병욱의료재단 진주고려병원,2811,D,28,10,10,43974101,1,1,28,2026-03-28T00:10:10.006373,11,11
2026-03-28 00:13:57,mediboard,경상남도,0,0,A2800022,의료법인 성념의료재단맑은샘병원,2801,D,28,8,9,43974152,1,1,28,2026-03-28T00:10:10.006373,9,10
2026-03-28 00:13:57,mediboard,경상남도,0,0,A2800094,의료법인 이도의료재단 남해병원,2805,D,28,8,8,43973952,2,2,28,2026-03-28T00:10:10.006373,10,10
2026-03-28 00:13:57,mediboard,경상남도,0,0,A2800014,의료법인갑을의료재단갑을장유병원,2804,D,28,8,9,43973784,1,1,28,2026-03-28T00:10:10.006373,9,10
2026-03-28 00:13:57,mediboard,경상남도,0,0,A2800006,의료법인숭인의료재단 김해복음병원,2804,C,28,14,16,43974048,4,4,28,2026-03-28T00:10:10.006373,18,20
2026-03-28 00:13:57,mediboard,경상남도,0,0,A2800068,의료법인승연의료재단 삼천포서울병원,2807,D,28,6,9,43974052,1,1,28,2026-03-28T00:10:10.006373,7,10
2026-03-28 00:13:57,mediboard,경상남도,0,0,A2800009,의료법인청아의료재단청아병원,2814,D,28,8,9,43974005,1,1,28,2026-03-28T00:10:10.006373,9,10
2026-03-28 00:13:57,mediboard,경상남도,0,0,A2800017,의료법인합포의료재단에스엠지연세병원,2813,C,28,16,17,43973950,3,3,28,2026-03-28T00:10:10.006373,19,20
2026-03-28 00:13:57,mediboard,경상남도,0,0,A2800010,의료법인환명의료재단 조은금강병원,2804,C,28,15,17,43973891,3,3,28,2026-03-28T00:10:10.006373,18,20
2026-03-28 00:13:57,mediboard,경상남도,0,0,A2800003,제일병원,2811,C,28,9,17,43973890,3,3,28,2026-03-28T00:10:10.006373,12,20
2026-03-28 00:13:57,mediboard,경상남도,0,0,A2800037,진주복음병원,2811,D,28,8,9,43973785,1,1,28,2026-03-28T00:10:10.006373,9,10
2026-03-28 00:13:57,mediboard,경상남도,0,0,A2803505,창원경상국립대학교병원,2815,C,28,15,18,43973841,3,10,28,2026-03-28T00:10:10.006373,18,28
2026-03-28 00:13:57,mediboard,경상남도,0,0,A2800004,창원파티마병원,2816,C,28,11,22,43974003,3,3,28,2026-03-28T00:10:10.006373,14,25
2026-03-28 00:13:57,mediboard,경상남도,0,0,A2800007,창원한마음병원,2816,C,28,14,21,43974049,3,4,28,2026-03-28T00:10:10.006373,17,25
2026-03-28 00:13:57,mediboard,경상남도,0,0,A2800062,태황의료재단한성병원,2812,D,28,8,9,43974104,1,1,28,2026-03-28T00:10:10.006373,9,10
2026-03-28 00:13:57,mediboard,경상남도,3,3,A2800020,학교법인성균관대학삼성창원병원,2814,A,28,13,18,43973838,5,5,28,2026-03-28T00:10:10.006373,21,26
2026-03-28 00:13:57,mediboard,경상남도,0,0,A2800043,한일병원,2811,C,28,12,17,43974103,3,3,28,2026-03-28T00:10:10.006373,15,20
2026-03-28 00:13:57,mediboard,경상남도,0,0,A2800080,함양성심병원,2821,D,28,4,4,43974006,1,1,28,2026-03-28T00:10:10.006373,5,5
2026-03-28 00:13:57,mediboard,제주특별자치도,0,0,A2900003,의료법인 혜인의료재단 한국병원,2902,D,29,6,9,43974054,1,1,29,2026-03-28T00:10:10.006373,7,10
2026-03-28 00:13:57,mediboard,제주특별자치도,1,1,A2900006,의료법인중앙의료재단중앙병원,2902,C,29,11,16,43973895,3,3,29,2026-03-28T00:10:10.006373,15,20
2026-03-28 00:13:57,mediboard,제주특별자치도,0,0,A2900007,제주대학교병원,2902,C,29,3,20,43974008,4,6,29,2026-03-28T00:10:10.006373,7,26
2026-03-28 00:13:57,mediboard,제주특별자치도,4,4,A2900002,제주특별자치도서귀포의료원,2901,C,29,12,16,43973842,5,5,29,2026-03-28T00:10:10.006373,21,25
2026-03-28 00:13:57,mediboard,제주특별자치도,2,3,A2900001,제주한라병원,2902,A,29,10,17,43974153,5,5,29,2026-03-28T00:10:10.006373,17,25
2026-03-28 00:13:57,mediboard,제주특별자치도,0,0,A2900005,한마음병원,2902,C,29,11,17,43974106,1,3,29,2026-03-28T00:10:10.006373,12,20
